Date,Sun-Rise-Time,Sun-Set-Time,Total-Sun-Time,Moon-Rise-1-Time,Moon-Set-1-Time,Moon-Rise-2-Time,Moon-Set-2-Time,Total-Moon-Time,Moon-Phase-Angle,Overlap-Sun-Moon-Start-Time,Overlap-Sun-Moon-End-Time,Total-Overlap-Time,Total-Moon-Visible-Time,No-Moon-No-Sun-Start-Time,No-Moon-No-Sun-End-Time,Total-No-Moon-No-Sun-Time,Surya-Time,Chandra-Time,Agni-Time,Total-Sun-Days,Total-Moon-Days,Total-Overlap-Days,Total-No-Sun-No-Moon-Days,Surya-Days,Chandra-Days,Agni-Days
2025-01-01,05:47:55,20:09:12,14:21:17,06:31:00,21:32:00,,,15:01:00,19.43,06:31:00,20:09:12,13:38:13,0:00:00,00:00:00,00:00:00,8:15:55,14:21:17,15:01:00,8:15:55,,,,,,,
2025-01-02,05:48:40,20:09:22,14:20:42,07:39:00,22:12:00,,,14:33:00,31.43,07:39:00,20:09:22,12:30:23,14:33:00,00:00:00,00:00:00,7:36:41,0:00:00,14:33:00,7:36:41,,,,,,,
2025-01-03,05:49:27,20:09:30,14:20:04,08:48:00,22:46:00,,,13:58:00,44.43,08:48:00,20:09:30,11:21:31,13:58:00,00:00:00,00:00:00,7:03:27,0:22:04,13:58:00,7:03:27,,,,,,,
2025-01-04,05:50:14,20:09:36,14:19:22,,23:16:00,,,23:16:00,57.43,05:50:14,20:09:36,14:19:22,23:16:00,23:16:00,00:00:00,0:44:00,0:00:00,23:16:00,0:44:00,,,,,,,
2025-01-05,05:51:03,20:09:41,14:18:38,11:03:00,23:45:00,,,12:42:00,70.43,11:03:00,20:09:41,9:06:41,12:42:00,00:00:00,00:00:00,6:06:03,1:36:38,12:42:00,6:06:03,,,,,,,
2025-01-06,05:51:52,20:09:43,14:17:51,12:10:00,,,,11:50:00,83.43,12:10:00,20:09:43,7:59:44,11:50:00,00:00:00,05:51:52,5:51:53,2:27:51,11:50:00,5:51:53,,,,,,,
2025-01-07,05:52:43,20:09:44,14:17:01,,00:13:00,13:17:00,,10:56:00,96.43,13:17:00,20:09:44,6:52:45,10:56:00,00:13:00,05:52:43,5:39:44,3:21:01,10:56:00,5:39:44,,,,,,,
2025-01-08,05:53:35,20:09:43,14:16:08,,00:42:00,14:26:00,,10:16:00,109.43,14:26:00,20:09:43,5:43:43,10:16:00,00:42:00,05:53:35,5:11:35,4:00:08,10:16:00,5:11:35,,,,,,,
2025-01-09,05:54:27,20:09:40,14:15:13,,01:15:00,15:37:00,,9:38:00,122.43,15:37:00,20:09:40,4:32:40,9:38:00,01:15:00,05:54:27,4:39:27,4:37:13,9:38:00,4:39:27,,,,,,,
2025-01-10,05:55:20,20:09:35,14:14:15,,01:53:00,16:48:00,,9:05:00,135.43,16:48:00,20:09:35,3:21:35,9:05:00,01:53:00,05:55:20,4:02:21,5:09:15,9:05:00,4:02:21,,,,,,,
2025-01-11,05:56:14,20:09:28,14:13:14,,02:39:00,17:58:00,,8:41:00,148.43,17:58:00,20:09:28,2:11:29,8:41:00,02:39:00,05:56:14,3:17:15,5:32:14,8:41:00,3:17:15,,,,,,,
2025-01-12,05:57:09,20:09:19,14:12:10,,03:33:00,19:03:00,,8:30:00,161.43,19:03:00,20:09:19,1:06:20,8:30:00,03:33:00,05:57:09,2:24:10,5:42:10,8:30:00,2:24:10,,,,,,,
2025-01-13,05:58:04,20:09:09,14:11:04,,04:34:00,19:58:00,,8:36:00,174.43,19:58:00,20:09:09,0:11:09,8:36:00,04:34:00,05:58:04,1:24:05,5:35:04,8:36:00,1:24:05,,,,,,,
2025-01-14,05:59:01,20:08:56,14:09:56,,05:41:00,20:44:00,,8:57:00,186.43,,,0:00:00,8:57:00,05:41:00,20:44:00,0:53:04,5:12:56,8:57:00,0:53:04,,,,,,,
2025-01-15,05:59:57,20:08:42,14:08:45,,06:48:00,21:22:00,,9:26:00,199.43,05:59:57,06:48:00,0:48:02,9:26:00,20:08:42,21:22:00,1:13:18,4:42:45,9:26:00,1:13:18,,,,,,,
2025-01-16,06:00:54,20:08:26,14:07:31,,07:53:00,21:53:00,,10:00:00,211.43,06:00:54,07:53:00,1:52:05,10:00:00,20:08:26,21:53:00,1:44:34,4:07:31,10:00:00,1:44:34,,,,,,,
2025-01-17,06:01:52,20:08:08,14:06:16,,08:55:00,22:21:00,,10:34:00,222.43,06:01:52,08:55:00,2:53:07,10:34:00,20:08:08,22:21:00,2:12:52,3:32:16,10:34:00,2:12:52,,,,,,,
2025-01-18,06:02:50,20:07:48,14:04:58,,09:54:00,22:45:00,,11:09:00,234.43,06:02:50,09:54:00,3:51:09,11:09:00,20:07:48,22:45:00,2:37:12,2:55:58,11:09:00,2:37:12,,,,,,,
2025-01-19,06:03:49,20:07:26,14:03:37,23:08:00,,,,0:52:00,245.43,,,0:00:00,0:52:00,00:00:00,23:08:00,9:04:23,13:11:37,0:52:00,9:04:23,,,,,,,
2025-01-20,06:04:48,20:07:03,14:02:15,,11:47:00,23:32:00,,12:15:00,256.43,06:04:48,11:47:00,5:42:12,12:15:00,20:07:03,23:32:00,3:24:57,1:47:15,12:15:00,3:24:57,,,,,,,
2025-01-21,06:05:47,20:06:38,14:00:51,,12:42:00,23:57:00,,12:45:00,266.43,06:05:47,12:42:00,6:36:12,12:45:00,20:06:38,23:57:00,3:50:22,1:15:51,12:45:00,3:50:22,,,,,,,
2025-01-22,06:06:47,20:06:11,13:59:24,,13:39:00,,,13:39:00,277.43,06:06:47,13:39:00,7:32:13,13:39:00,20:06:11,00:00:00,3:53:49,0:20:24,13:39:00,3:53:49,,,,,,,
2025-01-23,06:07:46,20:05:42,13:57:56,00:24:00,14:38:00,,,14:14:00,288.43,06:07:46,14:38:00,8:30:13,14:14:00,00:00:00,00:00:00,4:18:18,0:00:00,14:14:00,4:18:18,,,,,,,
2025-01-24,06:08:46,20:05:11,13:56:25,00:55:00,15:38:00,,,14:43:00,299.43,06:08:46,15:38:00,9:29:13,14:43:00,00:00:00,00:00:00,4:49:48,0:00:00,14:43:00,4:49:48,,,,,,,
2025-01-25,06:09:46,20:04:39,13:54:53,01:33:00,16:39:00,,,15:06:00,310.43,06:09:46,16:39:00,10:29:13,15:06:00,00:00:00,00:00:00,5:28:20,0:00:00,15:06:00,5:28:20,,,,,,,
2025-01-26,06:10:46,20:04:05,13:53:19,02:18:00,17:39:00,,,15:21:00,322.43,06:10:46,17:39:00,11:28:13,15:21:00,00:00:00,00:00:00,6:13:54,0:00:00,15:21:00,6:13:54,,,,,,,
2025-01-27,06:11:47,20:03:30,13:51:43,03:12:00,18:35:00,,,15:23:00,334.43,06:11:47,18:35:00,12:23:13,0:00:00,00:00:00,00:00:00,7:08:30,13:51:43,15:23:00,7:08:30,,,,,,,
2025-01-28,06:12:47,20:02:53,13:50:06,04:14:00,19:24:00,,,15:10:00,346.43,06:12:47,19:24:00,13:11:13,0:00:00,00:00:00,00:00:00,8:11:07,13:50:06,15:10:00,8:11:07,,,,,,,
2025-01-29,06:13:47,20:02:14,13:48:26,05:21:00,20:07:00,,,14:46:00,359.43,06:13:47,20:02:14,13:48:26,0:00:00,00:00:00,00:00:00,9:14:00,13:48:26,14:46:00,9:14:00,,,,,,,
2025-01-30,06:14:48,20:01:33,13:46:46,06:32:00,20:44:00,,,14:12:00,12.43,06:32:00,20:01:33,13:29:34,0:00:00,00:00:00,00:00:00,9:30:48,13:46:46,14:12:00,9:30:48,,,,,,,
2025-01-31,06:15:48,20:00:51,13:45:04,07:42:00,21:17:00,,,13:35:00,25.43,07:42:00,20:00:51,12:18:52,0:00:00,00:00:00,00:00:00,8:58:48,13:45:04,13:35:00,8:58:48,,,,,,,
2025-02-01,06:16:48,20:00:08,13:43:20,08:52:00,21:47:00,,,12:55:00,38.43,08:52:00,20:00:08,11:08:08,12:55:00,00:00:00,00:00:00,8:29:48,0:48:20,12:55:00,8:29:48,,,,,,,
2025-02-02,06:17:48,19:59:23,13:41:35,,22:15:00,,,22:15:00,51.43,06:17:48,19:59:23,13:41:35,22:15:00,22:15:00,00:00:00,1:45:00,0:00:00,22:15:00,1:45:00,,,,,,,
2025-02-03,06:18:48,19:58:36,13:39:48,11:09:00,22:45:00,,,11:36:00,65.43,11:09:00,19:58:36,8:49:37,11:36:00,00:00:00,00:00:00,7:33:48,2:03:48,11:36:00,7:33:48,,,,,,,
2025-02-04,06:19:48,19:57:48,13:38:01,12:18:00,23:17:00,,,10:59:00,78.43,12:18:00,19:57:48,7:39:49,10:59:00,00:00:00,00:00:00,7:02:48,2:39:01,10:59:00,7:02:48,,,,,,,
2025-02-05,06:20:47,19:56:59,13:36:12,13:28:00,23:53:00,,,10:25:00,91.43,13:28:00,19:56:59,6:29:00,10:25:00,00:00:00,00:00:00,6:27:48,3:11:12,10:25:00,6:27:48,,,,,,,
2025-02-06,06:21:46,19:56:08,13:34:22,14:39:00,,,,9:21:00,104.43,14:39:00,19:56:08,5:17:09,9:21:00,00:00:00,06:21:46,6:21:47,4:13:22,9:21:00,6:21:47,,,,,,,
2025-02-07,06:22:46,19:55:16,13:32:31,,00:35:00,15:49:00,,8:46:00,117.43,15:49:00,19:55:16,4:06:17,8:46:00,00:35:00,06:22:46,5:47:46,4:46:31,8:46:00,5:47:46,,,,,,,
2025-02-08,06:23:44,19:54:23,13:30:38,,01:26:00,16:54:00,,8:32:00,130.43,16:54:00,19:54:23,3:00:23,8:32:00,01:26:00,06:23:44,4:57:45,4:58:38,8:32:00,4:57:45,,,,,,,
2025-02-09,06:24:43,19:53:28,13:28:45,,02:23:00,17:52:00,,8:31:00,142.43,17:52:00,19:53:28,2:01:28,8:31:00,02:23:00,06:24:43,4:01:44,4:57:45,8:31:00,4:01:44,,,,,,,
2025-02-10,06:25:41,19:52:32,13:26:50,,03:27:00,18:40:00,,8:47:00,155.43,18:40:00,19:52:32,1:12:32,8:47:00,03:27:00,06:25:41,2:58:42,4:39:50,8:47:00,2:58:42,,,,,,,
2025-02-11,06:26:39,19:51:34,13:24:55,,04:33:00,19:20:00,,9:13:00,167.43,19:20:00,19:51:34,0:31:35,9:13:00,04:33:00,06:26:39,1:53:40,4:11:55,9:13:00,1:53:40,,,,,,,
2025-02-12,06:27:37,19:50:36,13:22:59,,05:39:00,19:53:00,,9:46:00,179.43,,,0:00:00,9:46:00,05:39:00,19:53:00,0:51:01,3:36:59,9:46:00,0:51:01,,,,,,,
2025-02-13,06:28:34,19:49:36,13:21:02,,06:42:00,20:21:00,,10:21:00,190.43,06:28:34,06:42:00,0:13:25,10:21:00,19:49:36,20:21:00,0:31:24,3:00:02,10:21:00,0:31:24,,,,,,,
2025-02-14,06:29:31,19:48:35,13:19:04,,07:42:00,20:47:00,,10:55:00,202.43,06:29:31,07:42:00,1:12:28,10:55:00,19:48:35,20:47:00,0:58:24,2:24:04,10:55:00,0:58:24,,,,,,,
2025-02-15,06:30:28,19:47:33,13:17:05,,08:40:00,21:10:00,,11:30:00,213.43,06:30:28,08:40:00,2:09:32,11:30:00,19:47:33,21:10:00,1:22:26,1:47:05,11:30:00,1:22:26,,,,,,,
2025-02-16,06:31:24,19:46:30,13:15:06,,09:36:00,21:34:00,,12:02:00,224.43,06:31:24,09:36:00,3:04:35,12:02:00,19:46:30,21:34:00,1:47:30,1:13:06,12:02:00,1:47:30,,,,,,,
2025-02-17,06:32:20,19:45:26,13:13:06,21:58:00,,,,2:02:00,235.43,,,0:00:00,2:02:00,00:00:00,21:58:00,8:44:54,11:11:06,2:02:00,8:44:54,,,,,,,
2025-02-18,06:33:16,19:44:20,13:11:05,,11:28:00,22:24:00,,13:04:00,246.43,06:33:16,11:28:00,4:54:44,13:04:00,19:44:20,22:24:00,2:39:39,0:07:05,13:04:00,2:39:39,,,,,,,
2025-02-19,06:34:11,19:43:14,13:09:03,,12:26:00,22:53:00,,13:33:00,256.43,06:34:11,12:26:00,5:51:49,13:33:00,19:43:14,22:53:00,3:09:45,0:00:00,13:33:00,3:09:45,,,,,,,
2025-02-20,06:35:06,19:42:07,13:07:01,,13:25:00,23:27:00,,13:58:00,267.43,06:35:06,13:25:00,6:49:54,13:58:00,19:42:07,23:27:00,3:44:52,0:00:00,13:58:00,3:44:52,,,,,,,
2025-02-21,06:36:00,19:40:59,13:04:59,,14:25:00,,,14:25:00,278.43,06:36:00,14:25:00,7:48:59,14:25:00,19:40:59,00:00:00,4:19:01,0:00:00,14:25:00,4:19:01,,,,,,,
2025-02-22,06:36:54,19:39:50,13:02:56,00:08:00,15:25:00,,,15:17:00,289.43,06:36:54,15:25:00,8:48:05,15:17:00,00:00:00,00:00:00,4:28:10,0:00:00,15:17:00,4:28:10,,,,,,,
2025-02-23,06:37:48,19:38:40,13:00:52,00:57:00,16:22:00,,,15:25:00,301.43,06:37:48,16:22:00,9:44:12,15:25:00,00:00:00,00:00:00,5:18:19,0:00:00,15:25:00,5:18:19,,,,,,,
2025-02-24,06:38:41,19:37:29,12:58:48,01:55:00,17:13:00,,,15:18:00,313.43,06:38:41,17:13:00,10:34:18,15:18:00,00:00:00,00:00:00,6:17:30,0:00:00,15:18:00,6:17:30,,,,,,,
2025-02-25,06:39:34,19:36:18,12:56:44,02:59:00,17:59:00,,,15:00:00,326.43,06:39:34,17:59:00,11:19:25,15:00:00,00:00:00,00:00:00,7:22:42,0:00:00,15:00:00,7:22:42,,,,,,,
2025-02-26,06:40:27,19:35:06,12:54:39,04:08:00,18:39:00,,,14:31:00,339.43,06:40:27,18:39:00,11:58:33,0:00:00,00:00:00,00:00:00,8:32:54,12:54:39,14:31:00,8:32:54,,,,,,,
2025-02-27,06:41:19,19:33:53,12:52:34,05:19:00,19:13:00,,,13:54:00,352.43,06:41:19,19:13:00,12:31:41,0:00:00,00:00:00,00:00:00,9:45:07,12:52:34,13:54:00,9:45:07,,,,,,,
2025-02-28,06:42:11,19:32:39,12:50:28,06:31:00,19:45:00,,,13:14:00,5.43,06:42:11,19:32:39,12:50:28,0:00:00,00:00:00,00:00:00,10:46:00,12:50:28,13:14:00,10:46:00,,,,,,,
2025-03-01,06:43:02,19:31:24,12:48:22,07:42:00,20:15:00,,,12:33:00,19.43,07:42:00,19:31:24,11:49:25,0:00:00,00:00:00,00:00:00,10:28:03,12:48:22,12:33:00,10:28:03,,,,,,,
2025-03-02,06:43:53,19:30:09,12:46:16,08:52:00,20:45:00,,,11:53:00,33.43,08:52:00,19:30:09,10:38:10,11:53:00,00:00:00,00:00:00,9:58:54,0:53:16,11:53:00,9:58:54,,,,,,,
2025-03-03,06:44:44,19:28:54,12:44:10,,21:16:00,,,21:16:00,46.43,06:44:44,19:28:54,12:44:10,21:16:00,21:16:00,00:00:00,2:44:00,0:00:00,21:16:00,2:44:00,,,,,,,
2025-03-04,06:45:34,19:27:37,12:42:03,11:16:00,21:52:00,,,10:36:00,60.43,11:16:00,19:27:37,8:11:38,10:36:00,00:00:00,00:00:00,8:53:35,2:06:03,10:36:00,8:53:35,,,,,,,
2025-03-05,06:46:24,19:26:21,12:39:56,12:29:00,22:33:00,,,10:04:00,73.43,12:29:00,19:26:21,6:57:21,10:04:00,00:00:00,00:00:00,8:13:25,2:35:56,10:04:00,8:13:25,,,,,,,
2025-03-06,06:47:14,19:25:03,12:37:49,13:41:00,23:22:00,,,9:41:00,86.43,13:41:00,19:25:03,5:44:04,9:41:00,00:00:00,00:00:00,7:25:15,2:56:49,9:41:00,7:25:15,,,,,,,
2025-03-07,06:48:03,19:23:46,12:35:42,14:49:00,,,,9:11:00,99.43,14:49:00,19:23:46,4:34:46,9:11:00,00:00:00,06:48:03,6:48:04,3:24:42,9:11:00,6:48:04,,,,,,,
2025-03-08,06:48:53,19:22:27,12:33:35,,00:18:00,15:48:00,,8:30:00,112.43,15:48:00,19:22:27,3:34:28,8:30:00,00:18:00,06:48:53,6:30:53,4:03:35,8:30:00,6:30:53,,,,,,,
2025-03-09,06:49:41,19:21:09,12:31:27,,01:20:00,16:39:00,,8:41:00,124.43,16:39:00,19:21:09,2:42:09,8:41:00,01:20:00,06:49:41,5:29:42,3:50:27,8:41:00,5:29:42,,,,,,,
2025-03-10,06:50:30,19:19:50,12:29:20,,02:25:00,17:20:00,,9:05:00,136.43,17:20:00,19:19:50,1:59:50,9:05:00,02:25:00,06:50:30,4:25:30,3:24:20,9:05:00,4:25:30,,,,,,,
2025-03-11,06:51:18,19:18:30,12:27:12,,03:30:00,17:55:00,,9:35:00,148.43,17:55:00,19:18:30,1:23:31,9:35:00,03:30:00,06:51:18,3:21:18,2:52:12,9:35:00,3:21:18,,,,,,,
2025-03-12,06:52:06,19:17:10,12:25:04,,04:33:00,18:24:00,,10:09:00,160.43,18:24:00,19:17:10,0:53:11,10:09:00,04:33:00,06:52:06,2:19:06,2:16:04,10:09:00,2:19:06,,,,,,,
2025-03-13,06:52:54,19:15:50,12:22:57,,05:33:00,18:50:00,,10:43:00,171.43,18:50:00,19:15:50,0:25:51,10:43:00,05:33:00,06:52:54,1:19:54,1:39:57,10:43:00,1:19:54,,,,,,,
2025-03-14,06:53:41,19:14:30,12:20:49,,06:31:00,19:14:00,,11:17:00,182.43,19:14:00,19:14:30,0:00:30,11:17:00,06:31:00,06:53:41,0:22:41,1:03:49,11:17:00,0:22:41,,,,,,,
2025-03-15,06:54:28,19:13:09,12:18:41,,07:27:00,19:37:00,,11:50:00,193.43,06:54:28,07:27:00,0:32:31,11:50:00,19:13:09,19:37:00,0:23:50,0:28:41,11:50:00,0:23:50,,,,,,,
2025-03-16,06:55:15,19:11:49,12:16:34,,08:23:00,20:01:00,,12:22:00,204.43,06:55:15,08:23:00,1:27:45,12:22:00,19:11:49,20:01:00,0:49:11,0:00:00,12:22:00,0:49:11,,,,,,,
2025-03-17,06:56:02,19:10:28,12:14:26,,09:19:00,20:26:00,,12:53:00,215.43,06:56:02,09:19:00,2:22:58,12:53:00,19:10:28,20:26:00,1:15:32,0:00:00,12:53:00,1:15:32,,,,,,,
2025-03-18,06:56:48,19:09:06,12:12:18,20:54:00,,,,3:06:00,226.43,,,0:00:00,3:06:00,00:00:00,20:54:00,8:41:42,9:06:18,3:06:00,8:41:42,,,,,,,
2025-03-19,06:57:34,19:07:45,12:10:11,,11:15:00,21:26:00,,13:49:00,237.43,06:57:34,11:15:00,4:17:25,13:49:00,19:07:45,21:26:00,2:18:14,0:00:00,13:49:00,2:18:14,,,,,,,
2025-03-20,06:58:21,19:06:24,12:08:03,,12:15:00,22:04:00,,14:11:00,247.43,06:58:21,12:15:00,5:16:39,14:11:00,19:06:24,22:04:00,2:57:36,0:00:00,14:11:00,2:57:36,,,,,,,
2025-03-21,06:59:06,19:05:02,12:05:56,,13:14:00,22:48:00,,14:26:00,258.43,06:59:06,13:14:00,6:14:53,14:26:00,19:05:02,22:48:00,3:42:57,0:00:00,14:26:00,3:42:57,,,,,,,
2025-03-22,06:59:52,19:03:41,12:03:49,,14:11:00,23:41:00,,14:30:00,270.43,06:59:52,14:11:00,7:11:07,14:30:00,19:03:41,23:41:00,4:37:18,0:00:00,14:30:00,4:37:18,,,,,,,
2025-03-23,07:00:38,19:02:20,12:01:42,,15:04:00,,,15:04:00,281.43,07:00:38,15:04:00,8:03:22,15:04:00,19:02:20,00:00:00,4:57:40,0:00:00,15:04:00,4:57:40,,,,,,,
2025-03-24,07:01:23,19:00:58,11:59:35,00:41:00,15:51:00,,,15:10:00,293.43,07:01:23,15:51:00,8:49:36,15:10:00,00:00:00,00:00:00,5:40:01,0:00:00,15:10:00,5:40:01,,,,,,,
2025-03-25,07:02:09,18:59:37,11:57:28,01:47:00,16:32:00,,,14:45:00,306.43,07:02:09,16:32:00,9:29:51,14:45:00,00:00:00,00:00:00,6:47:23,0:00:00,14:45:00,6:47:23,,,,,,,
2025-03-26,07:02:54,18:58:16,11:55:22,02:55:00,17:08:00,,,14:13:00,319.43,07:02:54,17:08:00,10:05:06,14:13:00,00:00:00,00:00:00,7:56:44,0:00:00,14:13:00,7:56:44,,,,,,,
2025-03-27,07:03:39,18:56:54,11:53:15,04:05:00,17:40:00,,,13:35:00,332.43,07:03:39,17:40:00,10:36:20,0:00:00,00:00:00,00:00:00,9:08:05,11:53:15,13:35:00,9:08:05,,,,,,,
2025-03-28,07:04:24,18:55:33,11:51:09,05:16:00,18:11:00,,,12:55:00,346.43,07:04:24,18:11:00,11:06:35,0:00:00,00:00:00,00:00:00,10:20:26,11:51:09,12:55:00,10:20:26,,,,,,,
2025-03-29,07:05:09,18:54:12,11:49:03,06:27:00,18:41:00,,,12:14:00,359.43,07:05:09,18:41:00,11:35:50,0:00:00,00:00:00,00:00:00,11:32:47,11:49:03,12:14:00,11:32:47,,,,,,,
2025-03-30,07:05:54,18:52:52,11:46:58,07:39:00,19:12:00,,,11:33:00,13.43,07:39:00,18:52:52,11:13:52,0:00:00,00:00:00,00:00:00,11:53:54,11:46:58,11:33:00,11:53:54,,,,,,,
2025-03-31,07:06:39,18:51:31,11:44:52,08:54:00,19:47:00,,,10:53:00,28.43,08:54:00,18:51:31,9:57:32,0:00:00,00:00:00,00:00:00,11:19:39,11:44:52,10:53:00,11:19:39,,,,,,,
2025-04-01,07:07:23,18:50:11,11:42:47,,20:27:00,,,20:27:00,41.43,07:07:23,18:50:11,11:42:47,20:27:00,20:27:00,00:00:00,3:33:00,0:00:00,20:27:00,3:33:00,,,,,,,
2025-04-02,07:08:08,18:48:51,11:40:43,11:25:00,21:14:00,,,9:49:00,55.43,11:25:00,18:48:51,7:23:51,9:49:00,00:00:00,00:00:00,9:54:09,1:51:43,9:49:00,9:54:09,,,,,,,
2025-04-03,07:08:53,18:47:31,11:38:38,12:37:00,22:09:00,,,9:32:00,69.43,12:37:00,18:47:31,6:10:32,9:32:00,00:00:00,00:00:00,8:59:53,2:06:38,9:32:00,8:59:53,,,,,,,
2025-04-04,07:09:38,18:46:12,11:36:34,13:42:00,23:11:00,,,9:29:00,82.43,13:42:00,18:46:12,5:04:13,9:29:00,00:00:00,00:00:00,7:58:38,2:07:34,9:29:00,7:58:38,,,,,,,
2025-04-05,07:10:22,18:44:53,11:34:31,14:36:00,,,,9:24:00,94.43,14:36:00,18:44:53,4:08:54,9:24:00,00:00:00,07:10:22,7:10:23,2:10:31,9:24:00,7:10:23,,,,,,,
2025-04-06,06:11:07,17:43:34,11:32:28,,00:17:00,14:21:00,,9:56:00,106.43,14:21:00,17:43:34,3:22:35,9:56:00,00:17:00,06:11:07,5:54:07,1:36:28,9:56:00,5:54:07,,,,,,,
2025-04-07,06:11:51,17:42:16,11:30:25,,00:22:00,14:57:00,,9:25:00,118.43,14:57:00,17:42:16,2:45:17,9:25:00,00:22:00,06:11:51,5:49:52,2:05:25,9:25:00,5:49:52,,,,,,,
2025-04-08,06:12:36,17:40:59,11:28:22,,01:26:00,15:28:00,,9:58:00,130.43,15:28:00,17:40:59,2:12:59,9:58:00,01:26:00,06:12:36,4:46:37,1:30:22,9:58:00,4:46:37,,,,,,,
2025-04-09,06:13:21,17:39:41,11:26:21,,02:27:00,15:55:00,,10:32:00,141.43,15:55:00,17:39:41,1:44:42,10:32:00,02:27:00,06:13:21,3:46:21,0:54:21,10:32:00,3:46:21,,,,,,,
2025-04-10,06:14:05,17:38:25,11:24:19,,03:25:00,16:19:00,,11:06:00,153.43,16:19:00,17:38:25,1:19:25,11:06:00,03:25:00,06:14:05,2:49:06,0:18:19,11:06:00,2:49:06,,,,,,,
2025-04-11,06:14:50,17:37:08,11:22:18,,04:21:00,16:42:00,,11:39:00,164.43,16:42:00,17:37:08,0:55:09,11:39:00,04:21:00,06:14:50,1:53:51,0:00:00,11:39:00,1:53:51,,,,,,,
2025-04-12,06:15:35,17:35:53,11:20:18,,05:17:00,17:05:00,,12:12:00,175.43,17:05:00,17:35:53,0:30:53,12:12:00,05:17:00,06:15:35,0:58:35,0:00:00,12:12:00,0:58:35,,,,,,,
2025-04-13,06:16:20,17:34:38,11:18:18,,06:13:00,17:30:00,,12:43:00,185.43,17:30:00,17:34:38,0:04:38,12:43:00,06:13:00,06:16:20,0:03:20,0:00:00,12:43:00,0:03:20,,,,,,,
2025-04-14,06:17:04,17:33:23,11:16:19,,07:09:00,17:57:00,,13:12:00,196.43,06:17:04,07:09:00,0:51:55,13:12:00,17:33:23,17:57:00,0:23:36,0:00:00,13:12:00,0:23:36,,,,,,,
2025-04-15,06:17:49,17:32:09,11:14:20,,08:08:00,18:27:00,,13:41:00,207.43,06:17:49,08:08:00,1:50:10,13:41:00,17:32:09,18:27:00,0:54:50,0:00:00,13:41:00,0:54:50,,,,,,,
2025-04-16,06:18:34,17:30:56,11:12:22,19:03:00,,,,4:57:00,218.43,,,0:00:00,4:57:00,00:00:00,19:03:00,7:50:38,6:15:22,4:57:00,7:50:38,,,,,,,
2025-04-17,06:19:19,17:29:44,11:10:24,,10:06:00,19:45:00,,14:21:00,229.43,06:19:19,10:06:00,3:46:40,14:21:00,17:29:44,19:45:00,2:15:16,0:00:00,14:21:00,2:15:16,,,,,,,
2025-04-18,06:20:04,17:28:32,11:08:28,,11:04:00,20:34:00,,14:30:00,240.43,06:20:04,11:04:00,4:43:55,14:30:00,17:28:32,20:34:00,3:05:28,0:00:00,14:30:00,3:05:28,,,,,,,
2025-04-19,06:20:49,17:27:21,11:06:32,,11:57:00,21:31:00,,14:26:00,251.43,06:20:49,11:57:00,5:36:10,14:26:00,17:27:21,21:31:00,4:03:39,0:00:00,14:26:00,4:03:39,,,,,,,
2025-04-20,06:21:34,17:26:11,11:04:36,,12:45:00,22:33:00,,14:12:00,263.43,06:21:34,12:45:00,6:23:25,14:12:00,17:26:11,22:33:00,5:06:49,0:00:00,14:12:00,5:06:49,,,,,,,
2025-04-21,06:22:20,17:25:01,11:02:42,,13:27:00,23:38:00,,13:49:00,274.43,06:22:20,13:27:00,7:04:40,13:49:00,17:25:01,23:38:00,6:12:58,0:00:00,13:49:00,6:12:58,,,,,,,
2025-04-22,06:23:05,17:23:53,11:00:48,,14:04:00,,,14:04:00,287.43,06:23:05,14:04:00,7:40:55,14:04:00,17:23:53,00:00:00,6:36:07,0:00:00,14:04:00,6:36:07,,,,,,,
2025-04-23,06:23:50,17:22:45,10:58:55,00:45:00,14:37:00,,,13:52:00,300.43,06:23:50,14:37:00,8:13:10,13:52:00,00:00:00,00:00:00,7:22:15,0:00:00,13:52:00,7:22:15,,,,,,,
2025-04-24,06:24:35,17:21:38,10:57:03,01:53:00,15:07:00,,,13:14:00,313.43,06:24:35,15:07:00,8:42:24,13:14:00,00:00:00,00:00:00,8:31:22,0:00:00,13:14:00,8:31:22,,,,,,,
2025-04-25,06:25:21,17:20:32,10:55:11,03:02:00,15:36:00,,,12:34:00,326.43,06:25:21,15:36:00,9:10:39,12:34:00,00:00:00,00:00:00,9:41:28,0:00:00,12:34:00,9:41:28,,,,,,,
2025-04-26,06:26:06,17:19:27,10:53:21,04:12:00,16:07:00,,,11:55:00,340.43,06:26:06,16:07:00,9:40:53,0:00:00,00:00:00,00:00:00,10:52:33,10:53:21,11:55:00,10:52:33,,,,,,,
2025-04-27,06:26:51,17:18:23,10:51:31,05:25:00,16:40:00,,,11:15:00,354.43,06:26:51,16:40:00,10:13:08,0:00:00,00:00:00,00:00:00,12:06:37,10:51:31,11:15:00,12:06:37,,,,,,,
2025-04-28,06:27:37,17:17:20,10:49:43,06:41:00,17:17:00,,,10:36:00,8.43,06:41:00,17:17:00,10:36:00,0:00:00,00:00:00,00:00:00,13:10:17,10:49:43,10:36:00,13:10:17,,,,,,,
2025-04-29,06:28:22,17:16:18,10:47:55,07:59:00,18:02:00,,,10:03:00,23.43,07:59:00,17:16:18,9:17:18,0:00:00,00:00:00,00:00:00,12:26:23,10:47:55,10:03:00,12:26:23,,,,,,,
2025-04-30,06:29:08,17:15:17,10:46:09,,18:55:00,,,18:55:00,36.43,06:29:08,17:15:17,10:46:09,18:55:00,18:55:00,00:00:00,5:05:00,0:00:00,18:55:00,5:05:00,,,,,,,
2025-05-01,06:29:53,17:14:17,10:44:23,10:26:00,19:57:00,,,9:31:00,50.43,10:26:00,17:14:17,6:48:17,9:31:00,00:00:00,00:00:00,10:32:54,1:13:23,9:31:00,10:32:54,,,,,,,
2025-05-02,06:30:39,17:13:18,10:42:39,11:27:00,21:04:00,,,9:37:00,63.43,11:27:00,17:13:18,5:46:18,9:37:00,00:00:00,00:00:00,9:26:39,1:05:39,9:37:00,9:26:39,,,,,,,
2025-05-03,06:31:24,17:12:20,10:40:56,12:17:00,22:12:00,,,9:55:00,76.43,12:17:00,17:12:20,4:55:20,9:55:00,00:00:00,00:00:00,8:19:25,0:45:56,9:55:00,8:19:25,,,,,,,
2025-05-04,06:32:10,17:11:23,10:39:14,12:57:00,23:17:00,,,10:20:00,89.43,12:57:00,17:11:23,4:14:24,10:20:00,00:00:00,00:00:00,7:15:10,0:19:14,10:20:00,7:15:10,,,,,,,
2025-05-05,06:32:55,17:10:28,10:37:33,13:30:00,,,,10:30:00,101.43,13:30:00,17:10:28,3:40:28,10:30:00,00:00:00,06:32:55,6:32:55,0:07:33,10:30:00,6:32:55,,,,,,,
2025-05-06,06:33:40,17:09:33,10:35:53,,00:20:00,13:58:00,,10:22:00,112.43,13:58:00,17:09:33,3:11:34,10:22:00,00:20:00,06:33:40,6:13:41,0:13:53,10:22:00,6:13:41,,,,,,,
2025-05-07,06:34:25,17:08:40,10:34:15,,01:19:00,14:23:00,,10:56:00,123.43,14:23:00,17:08:40,2:45:41,10:56:00,01:19:00,06:34:25,5:15:26,0:00:00,10:56:00,5:15:26,,,,,,,
2025-05-08,06:35:11,17:07:48,10:32:38,,02:16:00,14:47:00,,11:29:00,134.43,14:47:00,17:07:48,2:20:49,11:29:00,02:16:00,06:35:11,4:19:11,0:00:00,11:29:00,4:19:11,,,,,,,
2025-05-09,06:35:56,17:06:58,10:31:02,,03:12:00,15:10:00,,12:02:00,145.43,15:10:00,17:06:58,1:56:58,12:02:00,03:12:00,06:35:56,3:23:56,0:00:00,12:02:00,3:23:56,,,,,,,
2025-05-10,06:36:40,17:06:08,10:29:28,,04:07:00,15:34:00,,12:33:00,156.43,15:34:00,17:06:08,1:32:09,12:33:00,04:07:00,06:36:40,2:29:41,0:00:00,12:33:00,2:29:41,,,,,,,
2025-05-11,06:37:25,17:05:20,10:27:55,,05:03:00,16:00:00,,13:03:00,167.43,16:00:00,17:05:20,1:05:21,13:03:00,05:03:00,06:37:25,1:34:26,0:00:00,13:03:00,1:34:26,,,,,,,
2025-05-12,06:38:10,17:04:34,10:26:24,,06:01:00,16:29:00,,13:32:00,178.43,16:29:00,17:04:34,0:35:34,13:32:00,06:01:00,06:38:10,0:37:10,0:00:00,13:32:00,0:37:10,,,,,,,
2025-05-13,06:38:54,17:03:48,10:24:54,,07:00:00,17:04:00,,13:56:00,189.43,06:38:54,07:00:00,0:21:05,13:56:00,17:03:48,17:04:00,0:00:11,0:00:00,13:56:00,0:00:11,,,,,,,
2025-05-14,06:39:38,17:03:04,10:23:26,,08:00:00,17:44:00,,14:16:00,200.43,06:39:38,08:00:00,1:20:21,14:16:00,17:03:04,17:44:00,0:40:55,0:00:00,14:16:00,0:40:55,,,,,,,
2025-05-15,06:40:22,17:02:22,10:21:59,,08:58:00,18:31:00,,14:27:00,211.43,06:40:22,08:58:00,2:17:37,14:27:00,17:02:22,18:31:00,1:28:38,0:00:00,14:27:00,1:28:38,,,,,,,
2025-05-16,06:41:06,17:01:40,10:20:34,19:25:00,,,,4:35:00,222.43,,,0:00:00,4:35:00,00:00:00,19:25:00,9:04:26,5:45:34,4:35:00,9:04:26,,,,,,,
2025-05-17,06:41:49,17:01:00,10:19:11,,10:42:00,20:25:00,,14:17:00,233.43,06:41:49,10:42:00,4:00:10,14:17:00,17:01:00,20:25:00,3:23:59,0:00:00,14:17:00,3:23:59,,,,,,,
2025-05-18,06:42:32,17:00:22,10:17:50,,11:26:00,21:29:00,,13:57:00,245.43,06:42:32,11:26:00,4:43:27,13:57:00,17:00:22,21:29:00,4:28:38,0:00:00,13:57:00,4:28:38,,,,,,,
2025-05-19,06:43:15,16:59:45,10:16:30,,12:04:00,22:34:00,,13:30:00,257.43,06:43:15,12:04:00,5:20:44,13:30:00,16:59:45,22:34:00,5:34:15,0:00:00,13:30:00,5:34:15,,,,,,,
2025-05-20,06:43:57,16:59:09,10:15:12,,12:37:00,23:40:00,,12:57:00,269.43,06:43:57,12:37:00,5:53:02,12:57:00,16:59:09,23:40:00,6:40:50,0:00:00,12:57:00,6:40:50,,,,,,,
2025-05-21,06:44:39,16:58:35,10:13:56,,13:07:00,,,13:07:00,282.43,06:44:39,13:07:00,6:22:20,13:07:00,16:58:35,00:00:00,7:01:24,0:00:00,13:07:00,7:01:24,,,,,,,
2025-05-22,06:45:21,16:58:03,10:12:42,00:46:00,13:35:00,,,12:49:00,295.43,06:45:21,13:35:00,6:49:38,12:49:00,00:00:00,00:00:00,7:47:57,0:00:00,12:49:00,7:47:57,,,,,,,
2025-05-23,06:46:02,16:57:32,10:11:30,01:53:00,14:04:00,,,12:11:00,308.43,06:46:02,14:04:00,7:17:57,12:11:00,00:00:00,00:00:00,8:55:28,0:00:00,12:11:00,8:55:28,,,,,,,
2025-05-24,06:46:43,16:57:02,10:10:19,03:02:00,14:34:00,,,11:32:00,322.43,06:46:43,14:34:00,7:47:17,11:32:00,00:00:00,00:00:00,10:04:57,0:00:00,11:32:00,10:04:57,,,,,,,
2025-05-25,06:47:23,16:56:34,10:09:11,04:14:00,15:09:00,,,10:55:00,336.43,06:47:23,15:09:00,8:21:37,0:00:00,00:00:00,00:00:00,11:17:25,10:09:11,10:55:00,11:17:25,,,,,,,
2025-05-26,06:48:03,16:56:08,10:08:05,05:30:00,15:49:00,,,10:19:00,350.43,06:48:03,15:49:00,9:00:57,0:00:00,00:00:00,00:00:00,12:33:52,10:08:05,10:19:00,12:33:52,,,,,,,
2025-05-27,06:48:42,16:55:43,10:07:01,06:47:00,16:39:00,,,9:52:00,4.43,06:48:42,16:39:00,9:50:18,0:00:00,00:00:00,00:00:00,13:51:17,10:07:01,9:52:00,13:51:17,,,,,,,
2025-05-28,06:49:20,16:55:19,10:05:59,08:02:00,17:37:00,,,9:35:00,18.43,08:02:00,16:55:19,8:53:20,0:00:00,00:00:00,00:00:00,13:12:21,10:05:59,9:35:00,13:12:21,,,,,,,
2025-05-29,06:49:58,16:54:57,10:05:00,,18:43:00,,,18:43:00,31.43,06:49:58,16:54:57,10:05:00,18:43:00,18:43:00,00:00:00,5:17:00,0:00:00,18:43:00,5:17:00,,,,,,,
2025-05-30,06:50:35,16:54:37,10:04:02,10:06:00,19:53:00,,,9:47:00,45.43,10:06:00,16:54:37,6:48:38,9:47:00,00:00:00,00:00:00,10:57:35,0:17:02,9:47:00,10:57:35,,,,,,,
2025-05-31,06:51:11,16:54:18,10:03:07,10:52:00,21:03:00,,,10:11:00,58.43,10:52:00,16:54:18,6:02:19,10:11:00,00:00:00,00:00:00,9:48:12,0:00:00,10:11:00,9:48:12,,,,,,,
2025-06-01,06:51:47,16:54:01,10:02:14,11:29:00,22:08:00,,,10:39:00,70.43,11:29:00,16:54:01,5:25:02,10:39:00,00:00:00,00:00:00,8:43:48,0:00:00,10:39:00,8:43:48,,,,,,,
2025-06-02,06:52:22,16:53:46,10:01:24,11:59:00,23:10:00,,,11:11:00,82.43,11:59:00,16:53:46,4:54:46,11:11:00,00:00:00,00:00:00,7:42:22,0:00:00,11:11:00,7:42:22,,,,,,,
2025-06-03,06:52:56,16:53:31,10:00:35,12:26:00,,,,11:34:00,94.43,12:26:00,16:53:31,4:27:32,11:34:00,00:00:00,06:52:56,6:52:57,0:00:00,11:34:00,6:52:57,,,,,,,
2025-06-04,06:53:29,16:53:19,9:59:50,,00:09:00,12:50:00,,11:19:00,105.43,12:50:00,16:53:19,4:03:19,11:19:00,00:09:00,06:53:29,6:44:30,0:00:00,11:19:00,6:44:30,,,,,,,
2025-06-05,06:54:02,16:53:08,9:59:06,,01:05:00,13:14:00,,11:51:00,116.43,13:14:00,16:53:08,3:39:09,11:51:00,01:05:00,06:54:02,5:49:02,0:00:00,11:51:00,5:49:02,,,,,,,
2025-06-06,06:54:33,16:52:59,9:58:25,,02:01:00,13:37:00,,12:24:00,127.43,13:37:00,16:52:59,3:15:59,12:24:00,02:01:00,06:54:33,4:53:34,0:00:00,12:24:00,4:53:34,,,,,,,
2025-06-07,06:55:04,16:52:51,9:57:47,,02:57:00,14:03:00,,12:54:00,138.43,14:03:00,16:52:51,2:49:51,12:54:00,02:57:00,06:55:04,3:58:04,0:00:00,12:54:00,3:58:04,,,,,,,
2025-06-08,06:55:33,16:52:45,9:57:11,,03:54:00,14:31:00,,13:23:00,149.43,14:31:00,16:52:45,2:21:45,13:23:00,03:54:00,06:55:33,3:01:34,0:00:00,13:23:00,3:01:34,,,,,,,
2025-06-09,06:56:02,16:52:40,9:56:38,,04:52:00,15:04:00,,13:48:00,160.43,15:04:00,16:52:40,1:48:40,13:48:00,04:52:00,06:56:02,2:04:02,0:00:00,13:48:00,2:04:02,,,,,,,
2025-06-10,06:56:29,16:52:37,9:56:07,,05:52:00,15:42:00,,14:10:00,171.43,15:42:00,16:52:37,1:10:37,14:10:00,05:52:00,06:56:29,1:04:30,0:00:00,14:10:00,1:04:30,,,,,,,
2025-06-11,06:56:56,16:52:35,9:55:39,,06:51:00,16:28:00,,14:23:00,182.43,16:28:00,16:52:35,0:24:35,14:23:00,06:51:00,06:56:56,0:05:56,0:00:00,14:23:00,0:05:56,,,,,,,
2025-06-12,06:57:21,16:52:35,9:55:14,,07:48:00,17:20:00,,14:28:00,193.43,06:57:21,07:48:00,0:50:38,14:28:00,16:52:35,17:20:00,0:27:25,0:00:00,14:28:00,0:27:25,,,,,,,
2025-06-13,06:57:45,16:52:36,9:54:51,,08:40:00,18:19:00,,14:21:00,205.43,06:57:45,08:40:00,1:42:14,14:21:00,16:52:36,18:19:00,1:26:24,0:00:00,14:21:00,1:26:24,,,,,,,
2025-06-14,06:58:08,16:52:39,9:54:30,19:23:00,,,,4:37:00,216.43,,,0:00:00,4:37:00,00:00:00,19:23:00,9:28:30,5:17:30,4:37:00,9:28:30,,,,,,,
2025-06-15,06:58:30,16:52:43,9:54:13,,10:04:00,20:27:00,,13:37:00,228.43,06:58:30,10:04:00,3:05:29,13:37:00,16:52:43,20:27:00,3:34:17,0:00:00,13:37:00,3:34:17,,,,,,,
2025-06-16,06:58:51,16:52:49,9:53:58,,10:39:00,21:33:00,,13:06:00,240.43,06:58:51,10:39:00,3:40:09,13:06:00,16:52:49,21:33:00,4:40:11,0:00:00,13:06:00,4:40:11,,,,,,,
2025-06-17,06:59:10,16:52:56,9:53:46,,11:09:00,22:37:00,,12:32:00,253.43,06:59:10,11:09:00,4:09:49,12:32:00,16:52:56,22:37:00,5:44:04,0:00:00,12:32:00,5:44:04,,,,,,,
2025-06-18,06:59:28,16:53:04,9:53:36,,11:37:00,23:42:00,,11:55:00,265.43,06:59:28,11:37:00,4:37:31,11:55:00,16:53:04,23:42:00,6:48:55,0:00:00,11:55:00,6:48:55,,,,,,,
2025-06-19,06:59:45,16:53:14,9:53:29,,12:05:00,,,12:05:00,278.43,06:59:45,12:05:00,5:05:15,12:05:00,16:53:14,00:00:00,7:06:45,0:00:00,12:05:00,7:06:45,,,,,,,
2025-06-20,07:00:00,16:53:25,9:53:25,00:48:00,12:34:00,,,11:46:00,291.43,07:00:00,12:34:00,5:33:59,11:46:00,00:00:00,00:00:00,7:54:34,0:00:00,11:46:00,7:54:34,,,,,,,
2025-06-21,07:00:14,16:53:38,9:53:24,01:57:00,13:05:00,,,11:08:00,305.43,07:00:14,13:05:00,6:04:45,11:08:00,00:00:00,00:00:00,9:03:21,0:00:00,11:08:00,9:03:21,,,,,,,
2025-06-22,07:00:27,16:53:52,9:53:25,03:09:00,13:42:00,,,10:33:00,318.43,07:00:27,13:42:00,6:41:32,10:33:00,00:00:00,00:00:00,10:15:07,0:00:00,10:33:00,10:15:07,,,,,,,
2025-06-23,07:00:38,16:54:07,9:53:29,04:23:00,14:26:00,,,10:03:00,332.43,07:00:38,14:26:00,7:25:21,0:00:00,00:00:00,00:00:00,11:28:52,9:53:29,10:03:00,11:28:52,,,,,,,
2025-06-24,07:00:48,16:54:24,9:53:36,05:38:00,15:19:00,,,9:41:00,346.43,07:00:48,15:19:00,8:18:11,0:00:00,00:00:00,00:00:00,12:43:36,9:53:36,9:41:00,12:43:36,,,,,,,
2025-06-25,07:00:57,16:54:42,9:53:45,06:49:00,16:22:00,,,9:33:00,359.43,07:00:57,16:22:00,9:21:03,0:00:00,00:00:00,00:00:00,13:54:18,9:53:45,9:33:00,13:54:18,,,,,,,
2025-06-26,07:01:04,16:55:01,9:53:57,07:51:00,17:31:00,,,9:40:00,13.43,07:51:00,16:55:01,9:04:01,0:00:00,00:00:00,00:00:00,13:30:04,9:53:57,9:40:00,13:30:04,,,,,,,
2025-06-27,07:01:09,16:55:21,9:54:12,08:42:00,18:42:00,,,10:00:00,26.43,08:42:00,16:55:21,8:13:21,0:00:00,00:00:00,00:00:00,12:19:10,9:54:12,10:00:00,12:19:10,,,,,,,
2025-06-28,07:01:13,16:55:42,9:54:29,09:24:00,19:51:00,,,10:27:00,39.43,09:24:00,16:55:42,7:31:43,10:27:00,00:00:00,00:00:00,11:10:13,0:00:00,10:27:00,11:10:13,,,,,,,
2025-06-29,07:01:15,16:56:04,9:54:49,,20:56:00,,,20:56:00,52.43,07:01:15,16:56:04,9:54:49,20:56:00,20:56:00,00:00:00,3:04:00,0:00:00,20:56:00,3:04:00,,,,,,,
2025-06-30,07:01:16,16:56:28,9:55:12,10:26:00,21:57:00,,,11:31:00,64.43,10:26:00,16:56:28,6:30:29,11:31:00,00:00:00,00:00:00,9:04:17,0:00:00,11:31:00,9:04:17,,,,,,,
2025-07-01,07:01:16,16:56:53,9:55:37,10:52:00,22:55:00,,,12:03:00,76.43,10:52:00,16:56:53,6:04:53,12:03:00,00:00:00,00:00:00,8:06:16,0:00:00,12:03:00,8:06:16,,,,,,,
2025-07-02,07:01:13,16:57:18,9:56:05,11:16:00,23:52:00,,,12:36:00,87.43,11:16:00,16:57:18,5:41:19,12:36:00,00:00:00,00:00:00,7:09:14,0:00:00,12:36:00,7:09:14,,,,,,,
2025-07-03,07:01:10,16:57:45,9:56:35,11:40:00,,,,12:20:00,98.43,11:40:00,16:57:45,5:17:45,12:20:00,00:00:00,07:01:10,7:01:10,0:00:00,12:20:00,7:01:10,,,,,,,
2025-07-04,07:01:04,16:58:13,9:57:08,,00:48:00,12:04:00,,12:44:00,109.43,12:04:00,16:58:13,4:54:13,12:44:00,00:48:00,07:01:04,6:13:05,0:00:00,12:44:00,6:13:05,,,,,,,
2025-07-05,07:00:57,16:58:41,9:57:44,,01:45:00,12:32:00,,13:13:00,120.43,12:32:00,16:58:41,4:26:42,13:13:00,01:45:00,07:00:57,5:15:58,0:00:00,13:13:00,5:15:58,,,,,,,
2025-07-06,07:00:49,16:59:11,9:58:22,,02:43:00,13:02:00,,13:41:00,130.43,13:02:00,16:59:11,3:57:11,13:41:00,02:43:00,07:00:49,4:17:49,0:00:00,13:41:00,4:17:49,,,,,,,
2025-07-07,07:00:39,16:59:41,9:59:02,,03:42:00,13:39:00,,14:03:00,141.43,13:39:00,16:59:41,3:20:41,14:03:00,03:42:00,07:00:39,3:18:39,0:00:00,14:03:00,3:18:39,,,,,,,
2025-07-08,07:00:27,17:00:12,9:59:45,,04:42:00,14:22:00,,14:20:00,152.43,14:22:00,17:00:12,2:38:13,14:20:00,04:42:00,07:00:27,2:18:27,0:00:00,14:20:00,2:18:27,,,,,,,
2025-07-09,07:00:14,17:00:44,10:00:30,,05:40:00,15:12:00,,14:28:00,164.43,15:12:00,17:00:44,1:48:45,14:28:00,05:40:00,07:00:14,1:20:14,0:00:00,14:28:00,1:20:14,,,,,,,
2025-07-10,06:59:59,17:01:17,10:01:18,,06:34:00,16:10:00,,14:24:00,175.43,16:10:00,17:01:17,0:51:17,14:24:00,06:34:00,06:59:59,0:25:59,0:00:00,14:24:00,0:25:59,,,,,,,
2025-07-11,06:59:42,17:01:50,10:02:08,,07:22:00,17:13:00,,14:09:00,187.43,06:59:42,07:22:00,0:22:17,14:09:00,17:01:50,17:13:00,0:11:09,0:00:00,14:09:00,0:11:09,,,,,,,
2025-07-12,06:59:24,17:02:24,10:03:01,,08:04:00,18:19:00,,13:45:00,199.43,06:59:24,08:04:00,1:04:36,13:45:00,17:02:24,18:19:00,1:16:35,0:00:00,13:45:00,1:16:35,,,,,,,
2025-07-13,06:59:04,17:02:59,10:03:55,,08:40:00,19:25:00,,13:15:00,211.43,06:59:04,08:40:00,1:40:55,13:15:00,17:02:59,19:25:00,2:22:00,0:00:00,13:15:00,2:22:00,,,,,,,
2025-07-14,06:58:43,17:03:35,10:04:52,,09:12:00,20:31:00,,12:41:00,224.43,06:58:43,09:12:00,2:13:17,12:41:00,17:03:35,20:31:00,3:27:25,0:00:00,12:41:00,3:27:25,,,,,,,
2025-07-15,06:58:20,17:04:11,10:05:51,21:36:00,,,,2:24:00,237.43,,,0:00:00,2:24:00,00:00:00,21:36:00,11:30:09,7:41:51,2:24:00,11:30:09,,,,,,,
2025-07-16,06:57:55,17:04:47,10:06:52,,10:08:00,22:41:00,,11:27:00,249.43,06:57:55,10:08:00,3:10:04,11:27:00,17:04:47,22:41:00,5:36:12,0:00:00,11:27:00,5:36:12,,,,,,,
2025-07-17,06:57:29,17:05:25,10:07:55,,10:36:00,23:48:00,,10:48:00,262.43,06:57:29,10:36:00,3:38:30,10:48:00,17:05:25,23:48:00,6:42:35,0:00:00,10:48:00,6:42:35,,,,,,,
2025-07-18,06:57:02,17:06:02,10:09:01,,11:06:00,,,11:06:00,275.43,06:57:02,11:06:00,4:08:58,11:06:00,17:06:02,00:00:00,6:53:57,0:00:00,11:06:00,6:53:57,,,,,,,
2025-07-19,06:56:32,17:06:40,10:10:08,00:57:00,11:40:00,,,10:43:00,288.43,06:56:32,11:40:00,4:43:27,10:43:00,00:00:00,00:00:00,7:50:19,0:00:00,10:43:00,7:50:19,,,,,,,
2025-07-20,06:56:02,17:07:19,10:11:17,02:09:00,12:20:00,,,10:11:00,302.43,06:56:02,12:20:00,5:23:58,10:11:00,00:00:00,00:00:00,9:01:40,0:00:17,10:11:00,9:01:40,,,,,,,
2025-07-21,06:55:29,17:07:58,10:12:29,03:22:00,13:08:00,,,9:46:00,315.43,06:55:29,13:08:00,6:12:30,9:46:00,00:00:00,00:00:00,10:14:01,0:26:29,9:46:00,10:14:01,,,,,,,
2025-07-22,06:54:55,17:08:37,10:13:42,04:33:00,14:05:00,,,9:32:00,328.43,06:54:55,14:05:00,7:10:04,9:32:00,00:00:00,00:00:00,11:24:22,0:41:42,9:32:00,11:24:22,,,,,,,
2025-07-23,06:54:20,17:09:17,10:14:57,05:37:00,15:11:00,,,9:34:00,342.43,06:54:20,15:11:00,8:16:39,0:00:00,00:00:00,00:00:00,12:27:42,10:14:57,9:34:00,12:27:42,,,,,,,
2025-07-24,06:53:43,17:09:57,10:16:14,06:32:00,16:21:00,,,9:49:00,355.43,06:53:43,16:21:00,9:27:16,0:00:00,00:00:00,00:00:00,13:22:02,10:16:14,9:49:00,13:22:02,,,,,,,
2025-07-25,06:53:05,17:10:38,10:17:33,07:17:00,17:31:00,,,10:14:00,8.43,07:17:00,17:10:38,9:53:38,0:00:00,00:00:00,00:00:00,13:22:05,10:17:33,10:14:00,13:22:05,,,,,,,
2025-07-26,06:52:25,17:11:18,10:18:53,07:54:00,18:38:00,,,10:44:00,21.43,07:54:00,17:11:18,9:17:19,0:00:00,00:00:00,00:00:00,12:14:26,10:18:53,10:44:00,12:14:26,,,,,,,
2025-07-27,06:51:44,17:11:59,10:20:15,08:25:00,19:42:00,,,11:17:00,33.43,08:25:00,17:11:59,8:47:00,11:17:00,00:00:00,00:00:00,11:09:44,0:00:00,11:17:00,11:09:44,,,,,,,
2025-07-28,06:51:01,17:12:40,10:21:39,08:52:00,20:42:00,,,11:50:00,45.43,08:52:00,17:12:40,8:20:41,11:50:00,00:00:00,00:00:00,10:09:02,0:00:00,11:50:00,10:09:02,,,,,,,
2025-07-29,06:50:17,17:13:22,10:23:05,09:17:00,21:40:00,,,12:23:00,57.43,09:17:00,17:13:22,7:56:22,12:23:00,00:00:00,00:00:00,9:10:18,0:00:00,12:23:00,9:10:18,,,,,,,
2025-07-30,06:49:32,17:14:03,10:24:32,,22:37:00,,,22:37:00,68.43,06:49:32,17:14:03,10:24:32,22:37:00,22:37:00,00:00:00,1:23:00,0:00:00,22:37:00,1:23:00,,,,,,,
2025-07-31,06:48:45,17:14:45,10:26:00,10:05:00,23:34:00,,,13:29:00,79.43,10:05:00,17:14:45,7:09:45,13:29:00,00:00:00,00:00:00,7:14:45,0:00:00,13:29:00,7:14:45,,,,,,,
2025-08-01,06:47:56,17:15:26,10:27:30,10:32:00,,,,13:28:00,90.43,10:32:00,17:15:26,6:43:27,13:28:00,00:00:00,06:47:56,6:47:57,0:00:00,13:28:00,6:47:57,,,,,,,
2025-08-02,06:47:07,17:16:08,10:29:02,,00:32:00,11:01:00,,13:31:00,101.43,11:01:00,17:16:08,6:15:09,13:31:00,00:32:00,06:47:07,6:15:07,0:00:00,13:31:00,6:15:07,,,,,,,
2025-08-03,06:46:16,17:16:50,10:30:34,,01:31:00,11:35:00,,13:56:00,112.43,11:35:00,17:16:50,5:41:51,13:56:00,01:31:00,06:46:16,5:15:16,0:00:00,13:56:00,5:15:16,,,,,,,
2025-08-04,06:45:24,17:17:32,10:32:09,,02:30:00,12:15:00,,14:15:00,122.43,12:15:00,17:17:32,5:02:33,14:15:00,02:30:00,06:45:24,4:15:24,0:00:00,14:15:00,4:15:24,,,,,,,
2025-08-05,06:44:30,17:18:14,10:33:44,,03:29:00,13:02:00,,14:27:00,134.43,13:02:00,17:18:14,4:16:15,14:27:00,03:29:00,06:44:30,3:15:31,0:00:00,14:27:00,3:15:31,,,,,,,
2025-08-06,06:43:36,17:18:57,10:35:21,,04:25:00,13:57:00,,14:28:00,145.43,13:57:00,17:18:57,3:21:57,14:28:00,04:25:00,06:43:36,2:18:36,0:00:00,14:28:00,2:18:36,,,,,,,
2025-08-07,06:42:40,17:19:39,10:36:59,,05:15:00,14:59:00,,14:16:00,157.43,14:59:00,17:19:39,2:20:39,14:16:00,05:15:00,06:42:40,1:27:40,0:00:00,14:16:00,1:27:40,,,,,,,
2025-08-08,06:41:43,17:20:21,10:38:38,,06:00:00,16:04:00,,13:56:00,169.43,16:04:00,17:20:21,1:16:21,13:56:00,06:00:00,06:41:43,0:41:43,0:00:00,13:56:00,0:41:43,,,,,,,
2025-08-09,06:40:44,17:21:03,10:40:19,,06:39:00,17:12:00,,13:27:00,181.43,17:12:00,17:21:03,0:09:04,13:27:00,06:39:00,06:40:44,0:01:45,0:00:00,13:27:00,0:01:45,,,,,,,
2025-08-10,06:39:45,17:21:45,10:42:00,,07:12:00,18:19:00,,12:53:00,194.43,06:39:45,07:12:00,0:32:15,12:53:00,17:21:45,18:19:00,0:57:14,0:00:00,12:53:00,0:57:14,,,,,,,
2025-08-11,06:38:44,17:22:27,10:43:43,,07:43:00,19:26:00,,12:17:00,207.43,06:38:44,07:43:00,1:04:15,12:17:00,17:22:27,19:26:00,2:03:32,0:00:00,12:17:00,2:03:32,,,,,,,
2025-08-12,06:37:43,17:23:10,10:45:27,,08:11:00,20:32:00,,11:39:00,220.43,06:37:43,08:11:00,1:33:17,11:39:00,17:23:10,20:32:00,3:08:50,0:00:00,11:39:00,3:08:50,,,,,,,
2025-08-13,06:36:40,17:23:52,10:47:12,,08:39:00,21:40:00,,10:59:00,233.43,06:36:40,08:39:00,2:02:20,10:59:00,17:23:52,21:40:00,4:16:08,0:00:00,10:59:00,4:16:08,,,,,,,
2025-08-14,06:35:36,17:24:34,10:48:58,,09:09:00,22:49:00,,10:20:00,246.43,06:35:36,09:09:00,2:33:23,10:20:00,17:24:34,22:49:00,5:24:26,0:28:58,10:20:00,5:24:26,,,,,,,
2025-08-15,06:34:31,17:25:16,10:50:44,,,,,0:00:00,260.43,,,0:00:00,0:00:00,00:00:00,00:00:00,13:09:16,10:50:44,0:00:00,13:09:16,,,,,,,
2025-08-16,06:33:25,17:25:58,10:52:32,,10:19:00,,,10:19:00,273.43,06:33:25,10:19:00,3:45:34,10:19:00,17:25:58,00:00:00,6:34:02,0:33:32,10:19:00,6:34:02,,,,,,,
2025-08-17,06:32:19,17:26:39,10:54:21,01:12:00,11:04:00,,,9:52:00,286.43,06:32:19,11:04:00,4:31:41,9:52:00,00:00:00,00:00:00,7:45:20,1:02:21,9:52:00,7:45:20,,,,,,,
2025-08-18,06:31:11,17:27:21,10:56:10,02:23:00,11:57:00,,,9:34:00,299.43,06:31:11,11:57:00,5:25:49,9:34:00,00:00:00,00:00:00,8:55:38,1:22:10,9:34:00,8:55:38,,,,,,,
2025-08-19,06:30:02,17:28:03,10:58:01,03:28:00,12:59:00,,,9:31:00,312.43,06:30:02,12:59:00,6:28:57,9:31:00,00:00:00,00:00:00,9:59:57,1:27:01,9:31:00,9:59:57,,,,,,,
2025-08-20,06:28:53,17:28:45,10:59:52,04:25:00,14:06:00,,,9:41:00,325.43,06:28:53,14:06:00,7:37:07,9:41:00,00:00:00,00:00:00,10:56:15,1:18:52,9:41:00,10:56:15,,,,,,,
2025-08-21,06:27:42,17:29:26,11:01:44,05:13:00,15:15:00,,,10:02:00,337.43,06:27:42,15:15:00,8:47:17,0:00:00,00:00:00,00:00:00,11:43:33,11:01:44,10:02:00,11:43:33,,,,,,,
2025-08-22,06:26:31,17:30:07,11:03:36,05:52:00,16:23:00,,,10:31:00,350.43,06:26:31,16:23:00,9:56:29,0:00:00,00:00:00,00:00:00,12:21:52,11:03:36,10:31:00,12:21:52,,,,,,,
2025-08-23,06:25:19,17:30:49,11:05:30,06:25:00,17:27:00,,,11:02:00,2.43,06:25:19,17:27:00,11:01:41,0:00:00,00:00:00,00:00:00,12:54:11,11:05:30,11:02:00,12:54:11,,,,,,,
2025-08-24,06:24:06,17:31:30,11:07:24,06:53:00,18:29:00,,,11:36:00,14.43,06:53:00,17:31:30,10:38:31,0:00:00,00:00:00,00:00:00,11:55:07,11:07:24,11:36:00,11:55:07,,,,,,,
2025-08-25,06:22:52,17:32:11,11:09:19,07:18:00,19:28:00,,,12:10:00,26.43,07:18:00,17:32:11,10:14:12,0:00:00,00:00:00,00:00:00,10:54:53,11:09:19,12:10:00,10:54:53,,,,,,,
2025-08-26,06:21:38,17:32:52,11:11:14,07:43:00,20:26:00,,,12:43:00,38.43,07:43:00,17:32:52,9:49:53,12:43:00,00:00:00,00:00:00,9:55:39,0:00:00,12:43:00,9:55:39,,,,,,,
2025-08-27,06:20:23,17:33:33,11:13:10,08:07:00,21:23:00,,,13:16:00,49.43,08:07:00,17:33:33,9:26:34,13:16:00,00:00:00,00:00:00,8:57:24,0:00:00,13:16:00,8:57:24,,,,,,,
2025-08-28,06:19:07,17:34:14,11:15:07,08:32:00,22:21:00,,,13:49:00,60.43,08:32:00,17:34:14,9:02:15,13:49:00,00:00:00,00:00:00,7:58:08,0:00:00,13:49:00,7:58:08,,,,,,,
2025-08-29,06:17:51,17:34:55,11:17:04,09:00:00,23:19:00,,,14:19:00,71.43,09:00:00,17:34:55,8:34:56,14:19:00,00:00:00,00:00:00,6:58:51,0:00:00,14:19:00,6:58:51,,,,,,,
2025-08-30,06:16:34,17:35:36,11:19:02,,,,,0:00:00,82.43,,,0:00:00,0:00:00,00:00:00,00:00:00,12:40:58,11:19:02,0:00:00,12:40:58,,,,,,,
2025-08-31,06:15:16,17:36:17,11:21:00,,00:18:00,10:09:00,,14:09:00,93.43,10:09:00,17:36:17,7:27:17,14:09:00,00:18:00,06:15:16,5:57:17,0:00:00,14:09:00,5:57:17,,,,,,,
2025-09-01,06:13:58,17:36:58,11:22:59,,01:17:00,10:53:00,,14:24:00,103.43,10:53:00,17:36:58,6:43:58,14:24:00,01:17:00,06:13:58,4:56:59,0:00:00,14:24:00,4:56:59,,,,,,,
2025-09-02,06:12:40,17:37:38,11:24:59,,02:14:00,11:44:00,,14:30:00,115.43,11:44:00,17:37:38,5:53:39,14:30:00,02:14:00,06:12:40,3:58:40,0:00:00,14:30:00,3:58:40,,,,,,,
2025-09-03,06:11:20,17:38:19,11:26:58,,03:06:00,12:42:00,,14:24:00,126.43,12:42:00,17:38:19,4:56:19,14:24:00,03:06:00,06:11:20,3:05:21,0:00:00,14:24:00,3:05:21,,,,,,,
2025-09-04,06:10:01,17:38:59,11:28:59,,03:53:00,13:46:00,,14:07:00,138.43,13:46:00,17:38:59,3:53:00,14:07:00,03:53:00,06:10:01,2:17:01,0:00:00,14:07:00,2:17:01,,,,,,,
2025-09-05,06:08:40,17:39:40,11:30:59,,04:34:00,14:53:00,,13:41:00,150.43,14:53:00,17:39:40,2:46:40,13:41:00,04:34:00,06:08:40,1:34:41,0:00:00,13:41:00,1:34:41,,,,,,,
2025-09-06,06:07:20,17:40:20,11:33:00,,05:10:00,16:00:00,,13:10:00,163.43,16:00:00,17:40:20,1:40:21,13:10:00,05:10:00,06:07:20,0:57:20,0:00:00,13:10:00,0:57:20,,,,,,,
2025-09-07,06:05:59,17:41:01,11:35:02,,05:42:00,17:08:00,,12:34:00,176.43,17:08:00,17:41:01,0:33:01,12:34:00,05:42:00,06:05:59,0:23:59,0:00:00,12:34:00,0:23:59,,,,,,,
2025-09-08,06:04:37,17:41:41,11:37:04,,06:11:00,18:16:00,,11:55:00,189.43,06:04:37,06:11:00,0:06:22,11:55:00,17:41:41,18:16:00,0:34:18,0:00:00,11:55:00,0:34:18,,,,,,,
2025-09-09,06:03:16,17:42:22,11:39:06,,06:40:00,19:25:00,,11:15:00,202.43,06:03:16,06:40:00,0:36:44,11:15:00,17:42:22,19:25:00,1:42:38,0:24:06,11:15:00,1:42:38,,,,,,,
2025-09-10,06:01:54,17:43:02,11:41:09,,07:10:00,20:36:00,,10:34:00,216.43,06:01:54,07:10:00,1:08:06,10:34:00,17:43:02,20:36:00,2:52:57,1:07:09,10:34:00,2:52:57,,,,,,,
2025-09-11,06:00:31,17:43:43,11:43:11,,07:42:00,21:49:00,,9:53:00,229.43,06:00:31,07:42:00,1:41:28,9:53:00,17:43:43,21:49:00,4:05:17,1:50:11,9:53:00,4:05:17,,,,,,,
2025-09-12,05:59:09,17:44:23,11:45:15,,08:18:00,23:02:00,,9:16:00,243.43,05:59:09,08:18:00,2:18:51,9:16:00,17:44:23,23:02:00,5:17:36,2:29:15,9:16:00,5:17:36,,,,,,,
2025-09-13,05:57:46,17:45:04,11:47:18,,09:01:00,,,9:01:00,256.43,05:57:46,09:01:00,3:03:14,9:01:00,17:45:04,00:00:00,6:14:56,2:46:18,9:01:00,6:14:56,,,,,,,
2025-09-14,05:56:23,17:45:44,11:49:22,00:15:00,,,,23:45:00,270.43,05:56:23,17:45:44,11:49:22,23:45:00,00:00:00,00:15:00,0:15:00,0:00:00,23:45:00,0:15:00,,,,,,,
2025-09-15,05:55:00,17:46:25,11:51:26,01:22:00,10:52:00,,,9:30:00,283.43,05:55:00,10:52:00,4:57:00,9:30:00,00:00:00,00:00:00,7:35:34,2:21:26,9:30:00,7:35:34,,,,,,,
2025-09-16,05:53:36,17:47:06,11:53:30,02:22:00,11:57:00,,,9:35:00,295.43,05:53:36,11:57:00,6:03:23,9:35:00,00:00:00,00:00:00,8:34:54,2:18:30,9:35:00,8:34:54,,,,,,,
2025-09-17,05:52:13,17:47:47,11:55:34,03:11:00,13:05:00,,,9:54:00,308.43,05:52:13,13:05:00,7:12:47,9:54:00,00:00:00,00:00:00,9:23:13,2:01:34,9:54:00,9:23:13,,,,,,,
2025-09-18,05:50:49,17:48:28,11:57:39,03:52:00,14:12:00,,,10:20:00,320.43,05:50:49,14:12:00,8:21:11,10:20:00,00:00:00,00:00:00,10:03:32,1:37:39,10:20:00,10:03:32,,,,,,,
2025-09-19,05:49:25,17:49:09,11:59:44,04:26:00,15:17:00,,,10:51:00,332.43,05:49:25,15:17:00,9:27:34,0:00:00,00:00:00,00:00:00,10:36:51,11:59:44,10:51:00,10:36:51,,,,,,,
2025-09-20,05:48:01,17:49:50,12:01:49,04:55:00,16:19:00,,,11:24:00,344.43,05:48:01,16:19:00,10:30:58,0:00:00,00:00:00,00:00:00,11:05:10,12:01:49,11:24:00,11:05:10,,,,,,,
2025-09-21,05:46:38,17:50:31,12:03:54,05:21:00,17:18:00,,,11:57:00,356.43,05:46:38,17:18:00,11:31:22,0:00:00,00:00:00,00:00:00,11:30:28,12:03:54,11:57:00,11:30:28,,,,,,,
2025-09-22,05:45:14,17:51:13,12:05:59,05:46:00,18:16:00,,,12:30:00,8.43,05:46:00,17:51:13,12:05:13,0:00:00,00:00:00,00:00:00,11:29:14,12:05:59,12:30:00,11:29:14,,,,,,,
2025-09-23,05:43:50,17:51:54,12:08:04,06:10:00,19:13:00,,,13:03:00,19.43,06:10:00,17:51:54,11:41:55,0:00:00,00:00:00,00:00:00,10:30:50,12:08:04,13:03:00,10:30:50,,,,,,,
2025-09-24,05:42:26,17:52:36,12:10:10,06:35:00,20:11:00,,,13:36:00,30.43,06:35:00,17:52:36,11:17:37,13:36:00,00:00:00,00:00:00,9:31:27,0:00:00,13:36:00,9:31:27,,,,,,,
2025-09-25,05:41:03,17:53:18,12:12:15,07:01:00,21:09:00,,,14:08:00,41.43,07:01:00,17:53:18,10:52:19,14:08:00,00:00:00,00:00:00,8:32:03,0:00:00,14:08:00,8:32:03,,,,,,,
2025-09-26,05:39:39,17:54:00,12:14:21,07:32:00,22:08:00,,,14:36:00,52.43,07:32:00,17:54:00,10:22:01,14:36:00,00:00:00,00:00:00,7:31:40,0:00:00,14:36:00,7:31:40,,,,,,,
2025-09-27,05:38:16,17:54:43,12:16:27,08:06:00,23:07:00,,,15:01:00,63.43,08:06:00,17:54:43,9:48:43,15:01:00,00:00:00,00:00:00,6:31:16,0:00:00,15:01:00,6:31:16,,,,,,,
2025-09-28,05:36:53,17:55:25,12:18:32,08:47:00,,,,15:13:00,73.43,08:47:00,17:55:25,9:08:26,15:13:00,00:00:00,05:36:53,5:36:53,0:00:00,15:13:00,5:36:53,,,,,,,
2025-09-29,05:35:30,17:56:08,12:20:38,,00:04:00,,,0:04:00,84.43,,,0:00:00,0:04:00,00:04:00,00:00:00,11:35:22,12:16:38,0:04:00,11:35:22,,,,,,,
2025-09-30,05:34:07,17:56:51,12:22:44,,00:57:00,10:29:00,,14:28:00,95.43,10:29:00,17:56:51,7:27:51,14:28:00,00:57:00,05:34:07,4:37:07,0:00:00,14:28:00,4:37:07,,,,,,,
2025-10-01,05:32:44,17:57:34,12:24:50,,01:45:00,11:29:00,,14:16:00,107.43,11:29:00,17:57:34,6:28:35,14:16:00,01:45:00,05:32:44,3:47:45,0:00:00,14:16:00,3:47:45,,,,,,,
2025-10-02,05:31:22,17:58:18,12:26:55,,02:27:00,12:33:00,,13:54:00,118.43,12:33:00,17:58:18,5:25:18,13:54:00,02:27:00,05:31:22,3:04:23,0:00:00,13:54:00,3:04:23,,,,,,,
2025-10-03,05:30:00,17:59:02,12:29:01,,03:05:00,13:39:00,,13:26:00,131.43,13:39:00,17:59:02,4:20:02,13:26:00,03:05:00,05:30:00,2:25:01,0:00:00,13:26:00,2:25:01,,,,,,,
2025-10-04,05:28:39,17:59:46,12:31:07,,03:38:00,14:46:00,,12:52:00,143.43,14:46:00,17:59:46,3:13:46,12:52:00,03:38:00,05:28:39,1:50:39,0:00:00,12:52:00,1:50:39,,,,,,,
2025-10-05,06:27:18,19:00:30,12:33:12,,05:08:00,16:54:00,,12:14:00,156.43,16:54:00,19:00:30,2:06:31,12:14:00,05:08:00,06:27:18,1:19:18,0:19:12,12:14:00,1:19:18,,,,,,,
2025-10-06,06:25:57,19:01:15,12:35:18,,05:37:00,18:03:00,,11:34:00,170.43,18:03:00,19:01:15,0:58:15,11:34:00,05:37:00,06:25:57,0:48:58,1:01:18,11:34:00,0:48:58,,,,,,,
2025-10-07,06:24:37,19:02:00,12:37:23,,06:07:00,19:14:00,,10:53:00,183.43,,,0:00:00,10:53:00,06:07:00,19:14:00,0:29:37,1:44:23,10:53:00,0:29:37,,,,,,,
2025-10-08,06:23:17,19:02:45,12:39:28,,06:38:00,20:28:00,,10:10:00,197.43,06:23:17,06:38:00,0:14:42,10:10:00,19:02:45,20:28:00,1:25:14,2:29:28,10:10:00,1:25:14,,,,,,,
2025-10-09,06:21:58,19:03:31,12:41:33,,07:14:00,21:44:00,,9:30:00,211.43,06:21:58,07:14:00,0:52:02,9:30:00,19:03:31,21:44:00,2:40:29,3:11:33,9:30:00,2:40:29,,,,,,,
2025-10-10,06:20:39,19:04:17,12:43:38,,07:56:00,23:00:00,,8:56:00,225.43,06:20:39,07:56:00,1:35:20,8:56:00,19:04:17,23:00:00,3:55:42,3:47:38,8:56:00,3:55:42,,,,,,,
2025-10-11,06:19:21,19:05:03,12:45:43,,08:46:00,,,8:46:00,239.43,06:19:21,08:46:00,2:26:39,8:46:00,19:05:03,00:00:00,4:54:56,3:59:43,8:46:00,4:54:56,,,,,,,
2025-10-12,06:18:03,19:05:50,12:47:47,00:12:00,09:44:00,,,9:32:00,252.43,06:18:03,09:44:00,3:25:56,9:32:00,00:00:00,00:00:00,5:06:09,3:15:47,9:32:00,5:06:09,,,,,,,
2025-10-13,06:16:46,19:06:37,12:49:51,01:16:00,,,,22:44:00,265.43,06:16:46,19:06:37,12:49:51,22:44:00,00:00:00,01:16:00,1:16:00,0:00:00,22:44:00,1:16:00,,,,,,,
2025-10-14,06:15:30,19:07:25,12:51:55,02:09:00,11:58:00,,,9:49:00,278.43,06:15:30,11:58:00,5:42:30,9:49:00,00:00:00,00:00:00,7:01:35,3:02:55,9:49:00,7:01:35,,,,,,,
2025-10-15,06:14:14,19:08:13,12:53:58,02:53:00,13:05:00,,,10:12:00,291.43,06:14:14,13:05:00,6:50:45,10:12:00,00:00:00,00:00:00,7:44:47,2:41:58,10:12:00,7:44:47,,,,,,,
2025-10-16,06:12:59,19:09:01,12:56:02,03:29:00,14:10:00,,,10:41:00,303.43,06:12:59,14:10:00,7:57:00,10:41:00,00:00:00,00:00:00,8:19:58,2:15:02,10:41:00,8:19:58,,,,,,,
2025-10-17,06:11:45,19:09:50,12:58:04,03:59:00,15:12:00,,,11:13:00,315.43,06:11:45,15:12:00,9:00:14,11:13:00,00:00:00,00:00:00,8:49:10,1:45:04,11:13:00,8:49:10,,,,,,,
2025-10-18,06:10:32,19:10:39,13:00:07,04:25:00,16:11:00,,,11:46:00,326.43,06:10:32,16:11:00,10:00:27,11:46:00,00:00:00,00:00:00,9:14:21,1:14:07,11:46:00,9:14:21,,,,,,,
2025-10-19,06:09:20,19:11:28,13:02:09,04:50:00,17:09:00,,,12:19:00,338.43,06:09:20,17:09:00,10:59:40,0:00:00,00:00:00,00:00:00,9:38:31,13:02:09,12:19:00,9:38:31,,,,,,,
2025-10-20,06:08:08,19:12:18,13:04:11,05:14:00,18:06:00,,,12:52:00,349.43,06:08:08,18:06:00,11:57:52,0:00:00,00:00:00,00:00:00,10:01:41,13:04:11,12:52:00,10:01:41,,,,,,,
2025-10-21,06:06:57,19:13:09,13:06:12,05:38:00,19:03:00,,,13:25:00,0.43,06:06:57,19:03:00,12:56:02,0:00:00,00:00:00,00:00:00,10:24:51,13:06:12,13:25:00,10:24:51,,,,,,,
2025-10-22,06:05:47,19:13:59,13:08:12,06:04:00,20:01:00,,,13:57:00,11.43,06:05:47,19:13:59,13:08:12,0:00:00,00:00:00,00:00:00,10:03:00,13:08:12,13:57:00,10:03:00,,,,,,,
2025-10-23,06:04:38,19:14:51,13:10:12,06:33:00,20:59:00,,,14:26:00,22.43,06:33:00,19:14:51,12:41:51,0:00:00,00:00:00,00:00:00,9:05:39,13:10:12,14:26:00,9:05:39,,,,,,,
2025-10-24,06:03:30,19:15:42,13:12:12,07:06:00,21:58:00,,,14:52:00,33.43,07:06:00,19:15:42,12:09:43,14:52:00,00:00:00,00:00:00,8:05:31,0:00:00,14:52:00,8:05:31,,,,,,,
2025-10-25,06:02:23,19:16:34,13:14:11,07:45:00,22:56:00,,,15:11:00,43.43,07:45:00,19:16:34,11:31:35,15:11:00,00:00:00,00:00:00,7:06:24,0:00:00,15:11:00,7:06:24,,,,,,,
2025-10-26,06:01:18,19:17:26,13:16:09,08:30:00,23:50:00,,,15:20:00,54.43,08:30:00,19:17:26,10:47:27,15:20:00,00:00:00,00:00:00,6:11:18,0:00:00,15:20:00,6:11:18,,,,,,,
2025-10-27,06:00:13,19:18:19,13:18:06,09:21:00,,,,14:39:00,65.43,09:21:00,19:18:19,9:57:20,14:39:00,00:00:00,06:00:13,6:00:13,0:00:00,14:39:00,6:00:13,,,,,,,
2025-10-28,05:59:09,19:19:12,13:20:03,,00:39:00,,,0:39:00,76.43,,,0:00:00,0:39:00,00:39:00,00:00:00,10:00:57,12:41:03,0:39:00,10:00:57,,,,,,,
2025-10-29,05:58:06,19:20:06,13:21:59,,01:23:00,11:19:00,,14:04:00,87.43,11:19:00,19:20:06,8:01:06,14:04:00,01:23:00,05:58:06,4:35:07,0:00:00,14:04:00,4:35:07,,,,,,,
2025-10-30,05:57:05,19:21:00,13:23:55,,02:01:00,12:23:00,,13:38:00,99.43,12:23:00,19:21:00,6:58:00,13:38:00,02:01:00,05:57:05,3:56:06,0:00:00,13:38:00,3:56:06,,,,,,,
2025-10-31,05:56:05,19:21:54,13:25:49,,02:35:00,13:27:00,,13:08:00,111.43,13:27:00,19:21:54,5:54:54,13:08:00,02:35:00,05:56:05,3:21:05,0:17:49,13:08:00,3:21:05,,,,,,,
2025-11-01,05:55:06,19:22:48,13:27:42,,03:05:00,14:32:00,,12:33:00,124.43,14:32:00,19:22:48,4:50:49,12:33:00,03:05:00,05:55:06,2:50:07,0:54:42,12:33:00,2:50:07,,,,,,,
2025-11-02,05:54:08,19:23:43,13:29:35,,03:34:00,15:39:00,,11:55:00,137.43,15:39:00,19:23:43,3:44:44,11:55:00,03:34:00,05:54:08,2:20:09,1:34:35,11:55:00,2:20:09,,,,,,,
2025-11-03,05:53:12,19:24:39,13:31:27,,04:03:00,16:47:00,,11:16:00,150.43,16:47:00,19:24:39,2:37:39,11:16:00,04:03:00,05:53:12,1:50:13,2:15:27,11:16:00,1:50:13,,,,,,,
2025-11-04,05:52:17,19:25:34,13:33:17,,04:33:00,17:59:00,,10:34:00,164.43,17:59:00,19:25:34,1:26:35,10:34:00,04:33:00,05:52:17,1:19:17,2:59:17,10:34:00,1:19:17,,,,,,,
2025-11-05,05:51:23,19:26:30,13:35:07,,05:06:00,19:15:00,,9:51:00,178.43,19:15:00,19:26:30,0:11:31,9:51:00,05:06:00,05:51:23,0:45:24,3:44:07,9:51:00,0:45:24,,,,,,,
2025-11-06,05:50:31,19:27:26,13:36:55,,05:45:00,20:33:00,,9:12:00,192.43,,,0:00:00,9:12:00,05:45:00,20:33:00,1:11:05,4:24:55,9:12:00,1:11:05,,,,,,,
2025-11-07,05:49:40,19:28:23,13:38:43,,06:32:00,21:50:00,,8:42:00,206.43,05:49:40,06:32:00,0:42:19,8:42:00,19:28:23,21:50:00,2:21:37,4:56:43,8:42:00,2:21:37,,,,,,,
2025-11-08,05:48:51,19:29:19,13:40:29,,07:29:00,23:01:00,,8:28:00,220.43,05:48:51,07:29:00,1:40:09,8:28:00,19:29:19,23:01:00,3:31:40,5:12:29,8:28:00,3:31:40,,,,,,,
2025-11-09,05:48:03,19:30:16,13:42:13,,08:34:00,,,8:34:00,234.43,05:48:03,08:34:00,2:45:57,8:34:00,19:30:16,00:00:00,4:29:43,5:08:13,8:34:00,4:29:43,,,,,,,
2025-11-10,05:47:16,19:31:13,13:43:57,00:01:00,09:44:00,,,9:43:00,247.43,05:47:16,09:44:00,3:56:43,9:43:00,00:00:00,00:00:00,4:29:46,4:00:57,9:43:00,4:29:46,,,,,,,
2025-11-11,05:46:32,19:32:11,13:45:39,00:50:00,,,,23:10:00,260.43,05:46:32,19:32:11,13:45:39,23:10:00,00:00:00,00:50:00,0:50:00,0:00:00,23:10:00,0:50:00,,,,,,,
2025-11-12,05:45:48,19:33:08,13:47:20,01:29:00,12:02:00,,,10:33:00,272.43,05:45:48,12:02:00,6:16:11,10:33:00,00:00:00,00:00:00,5:55:52,3:14:20,10:33:00,5:55:52,,,,,,,
2025-11-13,05:45:07,19:34:05,13:48:59,02:02:00,13:06:00,,,11:04:00,285.43,05:45:07,13:06:00,7:20:53,11:04:00,00:00:00,00:00:00,6:27:54,2:44:59,11:04:00,6:27:54,,,,,,,
2025-11-14,05:44:26,19:35:03,13:50:36,02:29:00,14:06:00,,,11:37:00,296.43,05:44:26,14:06:00,8:21:33,11:37:00,00:00:00,00:00:00,6:53:57,2:13:36,11:37:00,6:53:57,,,,,,,
2025-11-15,05:43:48,19:36:01,13:52:13,02:54:00,15:04:00,,,12:10:00,308.43,05:43:48,15:04:00,9:20:11,12:10:00,00:00:00,00:00:00,7:17:59,1:42:13,12:10:00,7:17:59,,,,,,,
2025-11-16,05:43:11,19:36:58,13:53:47,03:18:00,16:00:00,,,12:42:00,319.43,05:43:11,16:00:00,10:16:48,12:42:00,00:00:00,00:00:00,7:41:01,1:11:47,12:42:00,7:41:01,,,,,,,
2025-11-17,05:42:36,19:37:56,13:55:20,03:42:00,16:57:00,,,13:15:00,330.43,05:42:36,16:57:00,11:14:23,0:00:00,00:00:00,00:00:00,8:04:04,13:55:20,13:15:00,8:04:04,,,,,,,
2025-11-18,05:42:03,19:38:53,13:56:51,04:08:00,17:54:00,,,13:46:00,341.43,05:42:03,17:54:00,12:11:57,0:00:00,00:00:00,00:00:00,8:29:06,13:56:51,13:46:00,8:29:06,,,,,,,
2025-11-19,05:41:31,19:39:51,13:58:20,04:36:00,18:52:00,,,14:16:00,352.43,05:41:31,18:52:00,13:10:28,0:00:00,00:00:00,00:00:00,8:56:09,13:58:20,14:16:00,8:56:09,,,,,,,
2025-11-20,05:41:01,19:40:48,13:59:47,05:08:00,19:51:00,,,14:43:00,3.43,05:41:01,19:40:48,13:59:47,0:00:00,00:00:00,00:00:00,9:17:00,13:59:47,14:43:00,9:17:00,,,,,,,
2025-11-21,05:40:33,19:41:45,14:01:12,05:44:00,20:49:00,,,15:05:00,13.43,05:44:00,19:41:45,13:57:46,0:00:00,00:00:00,00:00:00,8:51:34,14:01:12,15:05:00,8:51:34,,,,,,,
2025-11-22,05:40:07,19:42:42,14:02:36,06:28:00,21:45:00,,,15:17:00,24.43,06:28:00,19:42:42,13:14:43,0:00:00,00:00:00,00:00:00,7:55:07,14:02:36,15:17:00,7:55:07,,,,,,,
2025-11-23,05:39:42,19:43:39,14:03:57,07:17:00,22:36:00,,,15:19:00,35.43,07:17:00,19:43:39,12:26:40,15:19:00,00:00:00,00:00:00,7:03:43,0:00:00,15:19:00,7:03:43,,,,,,,
2025-11-24,05:39:20,19:44:36,14:05:16,08:12:00,23:21:00,,,15:09:00,46.43,08:12:00,19:44:36,11:32:36,15:09:00,00:00:00,00:00:00,6:18:20,0:00:00,15:09:00,6:18:20,,,,,,,
2025-11-25,05:38:59,19:45:32,14:06:33,09:12:00,,,,14:48:00,57.43,09:12:00,19:45:32,10:33:32,14:48:00,00:00:00,05:38:59,5:38:59,0:00:00,14:48:00,5:38:59,,,,,,,
2025-11-26,05:38:40,19:46:27,14:07:48,,,,,0:00:00,68.43,,,0:00:00,0:00:00,00:00:00,00:00:00,9:52:12,14:07:48,0:00:00,9:52:12,,,,,,,
2025-11-27,05:38:23,19:47:23,14:09:00,,00:34:00,11:16:00,,13:18:00,80.43,11:16:00,19:47:23,8:31:23,13:18:00,00:34:00,05:38:23,5:04:23,0:51:00,13:18:00,5:04:23,,,,,,,
2025-11-28,05:38:07,19:48:17,14:10:10,,01:05:00,12:18:00,,12:47:00,92.43,12:18:00,19:48:17,7:30:18,12:47:00,01:05:00,05:38:07,4:33:08,1:23:10,12:47:00,4:33:08,,,,,,,
2025-11-29,05:37:54,19:49:12,14:11:18,,01:33:00,13:22:00,,12:11:00,104.43,13:22:00,19:49:12,6:27:12,12:11:00,01:33:00,05:37:54,4:04:55,2:00:18,12:11:00,4:04:55,,,,,,,
2025-11-30,05:37:43,19:50:05,14:12:23,,02:01:00,14:27:00,,11:34:00,117.43,14:27:00,19:50:05,5:23:06,11:34:00,02:01:00,05:37:43,3:36:43,2:38:23,11:34:00,3:36:43,,,,,,,
2025-12-01,05:37:33,19:50:59,14:13:25,,02:29:00,15:34:00,,10:55:00,130.43,15:34:00,19:50:59,4:16:59,10:55:00,02:29:00,05:37:33,3:08:34,3:18:25,10:55:00,3:08:34,,,,,,,
2025-12-02,05:37:26,19:51:51,14:14:26,,02:59:00,16:46:00,,10:13:00,144.43,16:46:00,19:51:51,3:05:52,10:13:00,02:59:00,05:37:26,2:38:26,4:01:26,10:13:00,2:38:26,,,,,,,
2025-12-03,05:37:20,19:52:43,14:15:23,,03:34:00,18:02:00,,9:32:00,158.43,18:02:00,19:52:43,1:50:43,9:32:00,03:34:00,05:37:20,2:03:20,4:43:23,9:32:00,2:03:20,,,,,,,
2025-12-04,05:37:16,19:53:34,14:16:18,,04:17:00,19:20:00,,8:57:00,172.43,19:20:00,19:53:34,0:33:34,8:57:00,04:17:00,05:37:16,1:20:17,5:19:18,8:57:00,1:20:17,,,,,,,
2025-12-05,05:37:14,19:54:24,14:17:10,,05:08:00,20:35:00,,8:33:00,186.43,,,0:00:00,8:33:00,05:08:00,20:35:00,1:09:50,5:44:10,8:33:00,1:09:50,,,,,,,
2025-12-06,05:37:14,19:55:13,14:17:59,,06:11:00,21:43:00,,8:28:00,200.43,05:37:14,06:11:00,0:33:45,8:28:00,19:55:13,21:43:00,1:47:46,5:49:59,8:28:00,1:47:46,,,,,,,
2025-12-07,05:37:16,19:56:02,14:18:45,,07:21:00,22:39:00,,8:42:00,214.43,05:37:16,07:21:00,1:43:43,8:42:00,19:56:02,22:39:00,2:42:58,5:36:45,8:42:00,2:42:58,,,,,,,
2025-12-08,05:37:20,19:56:49,14:19:29,,08:34:00,23:24:00,,9:10:00,227.43,05:37:20,08:34:00,2:56:39,9:10:00,19:56:49,23:24:00,3:27:10,5:09:29,9:10:00,3:27:10,,,,,,,
2025-12-09,05:37:26,19:57:36,14:20:10,,09:46:00,,,9:46:00,240.43,05:37:26,09:46:00,4:08:33,9:46:00,19:57:36,00:00:00,4:02:24,4:34:10,9:46:00,4:02:24,,,,,,,
2025-12-10,05:37:34,19:58:21,14:20:47,,,,,24:00:00,253.43,05:37:34,19:58:21,14:20:47,24:00:00,,,0:00:00,0:00:00,24:00:00,0:00:00,,,,,,,
2025-12-11,05:37:43,19:59:05,14:21:22,00:30:00,11:57:00,,,11:27:00,265.43,05:37:43,11:57:00,6:19:16,11:27:00,00:00:00,00:00:00,4:30:54,2:54:22,11:27:00,4:30:54,,,,,,,
2025-12-12,05:37:55,19:59:48,14:21:54,00:57:00,12:57:00,,,12:00:00,277.43,05:37:55,12:57:00,7:19:05,12:00:00,00:00:00,00:00:00,4:57:11,2:21:54,12:00:00,4:57:11,,,,,,,
2025-12-13,05:38:08,20:00:30,14:22:22,01:22:00,13:54:00,,,12:32:00,289.43,05:38:08,13:54:00,8:15:51,12:32:00,00:00:00,00:00:00,5:21:29,1:50:22,12:32:00,5:21:29,,,,,,,
2025-12-14,05:38:23,20:01:11,14:22:48,01:46:00,14:51:00,,,13:05:00,300.43,05:38:23,14:51:00,9:12:36,13:05:00,00:00:00,00:00:00,5:44:48,1:17:48,13:05:00,5:44:48,,,,,,,
2025-12-15,05:38:40,20:01:51,14:23:10,02:11:00,15:48:00,,,13:37:00,311.43,05:38:40,15:48:00,10:09:19,13:37:00,00:00:00,00:00:00,6:09:09,0:46:10,13:37:00,6:09:09,,,,,,,
2025-12-16,05:38:59,20:02:29,14:23:30,02:38:00,16:46:00,,,14:08:00,321.43,05:38:59,16:46:00,11:07:00,14:08:00,00:00:00,00:00:00,6:35:31,0:15:30,14:08:00,6:35:31,,,,,,,
2025-12-17,05:39:20,20:03:06,14:23:46,03:08:00,17:44:00,,,14:36:00,332.43,05:39:20,17:44:00,12:04:40,0:00:00,00:00:00,00:00:00,7:04:54,14:23:46,14:36:00,7:04:54,,,,,,,
2025-12-18,05:39:42,20:03:41,14:23:59,03:44:00,18:43:00,,,14:59:00,343.43,05:39:42,18:43:00,13:03:17,0:00:00,00:00:00,00:00:00,7:40:19,14:23:59,14:59:00,7:40:19,,,,,,,
2025-12-19,05:40:06,20:04:15,14:24:08,04:25:00,19:39:00,,,15:14:00,354.43,05:40:06,19:39:00,13:58:53,0:00:00,00:00:00,00:00:00,8:20:45,14:24:08,15:14:00,8:20:45,,,,,,,
2025-12-20,05:40:32,20:04:47,14:24:15,05:13:00,20:32:00,,,15:19:00,5.43,05:40:32,20:04:47,14:24:15,0:00:00,00:00:00,00:00:00,8:41:00,14:24:15,15:19:00,8:41:00,,,,,,,
2025-12-21,05:41:00,20:05:18,14:24:18,06:07:00,21:19:00,,,15:12:00,16.43,06:07:00,20:05:18,13:58:19,0:00:00,00:00:00,00:00:00,8:22:00,14:24:18,15:12:00,8:22:00,,,,,,,
2025-12-22,05:41:29,20:05:48,14:24:19,07:06:00,22:00:00,,,14:54:00,27.43,07:06:00,20:05:48,12:59:48,0:00:00,00:00:00,00:00:00,7:41:29,14:24:19,14:54:00,7:41:29,,,,,,,
2025-12-23,05:42:00,20:06:15,14:24:16,08:07:00,22:36:00,,,14:29:00,38.43,08:07:00,20:06:15,11:59:16,14:29:00,00:00:00,00:00:00,7:06:00,0:00:00,14:29:00,7:06:00,,,,,,,
2025-12-24,05:42:32,20:06:41,14:24:09,09:10:00,23:07:00,,,13:57:00,50.43,09:10:00,20:06:41,10:56:42,13:57:00,00:00:00,00:00:00,6:35:33,0:27:09,13:57:00,6:35:33,,,,,,,
2025-12-25,05:43:06,20:07:06,14:24:00,,23:36:00,,,23:36:00,62.43,05:43:06,20:07:06,14:24:00,23:36:00,23:36:00,00:00:00,0:24:00,0:00:00,23:36:00,0:24:00,,,,,,,
2025-12-26,05:43:42,20:07:29,14:23:47,11:14:00,,,,12:46:00,74.43,11:14:00,20:07:29,8:53:29,12:46:00,00:00:00,05:43:42,5:43:42,1:37:47,12:46:00,5:43:42,,,,,,,
2025-12-27,05:44:19,20:07:50,14:23:31,,00:03:00,12:16:00,,11:47:00,86.43,12:16:00,20:07:50,7:51:50,11:47:00,00:03:00,05:44:19,5:41:19,2:36:31,11:47:00,5:41:19,,,,,,,
2025-12-28,05:44:57,20:08:09,14:23:12,,00:29:00,13:20:00,,11:09:00,98.43,13:20:00,20:08:09,6:48:10,11:09:00,00:29:00,05:44:57,5:15:57,3:14:12,11:09:00,5:15:57,,,,,,,
2025-12-29,05:45:37,20:08:27,14:22:50,,00:58:00,14:27:00,,10:31:00,111.43,14:27:00,20:08:27,5:41:27,10:31:00,00:58:00,05:45:37,4:47:37,3:51:50,10:31:00,4:47:37,,,,,,,
2025-12-30,05:46:18,20:08:43,14:22:25,,01:29:00,15:39:00,,9:50:00,125.43,15:39:00,20:08:43,4:29:43,9:50:00,01:29:00,05:46:18,4:17:18,4:32:25,9:50:00,4:17:18,,,,,,,
2025-12-31,05:47:00,20:08:57,14:21:57,,02:07:00,16:53:00,,9:14:00,138.43,16:53:00,20:08:57,3:15:57,9:14:00,02:07:00,05:47:00,3:40:01,5:07:57,9:14:00,3:40:01,,,,,,,
Year Total,,,4415:44:28,,,,,4413:25:00,,,,2226:22:19,3677:27:00,,,2157:12:51,1184:48:10,4413:25:00,2157:12:51,184,184,93,90,49,184,90
