Date,Sun-Rise-Time,Sun-Set-Time,Total-Sun-Time,Moon-Rise-1-Time,Moon-Set-1-Time,Moon-Rise-2-Time,Moon-Set-2-Time,Total-Moon-Time,Overlap-Sun-Moon-Start-Time,Overlap-Sun-Moon-End-Time,Total-Overlap-Time,No-Moon-No-Sun-Start-Time,No-Moon-No-Sun-End-Time,Total-No-Moon-No-Sun-Time,Total-Sun-Days,Total-Moon-Days,Total-Overlap-Days,Total-No-Sun-No-Moon-Days
2023-01-01,05:23:25,18:56:33,13:33:08,,01:15:00,14:33:00,,10:42:00,14:33:00,18:56:33,4:23:33,01:15:00,05:23:25,4:08:25,,,,
2023-01-02,05:24:04,18:56:50,13:32:46,,01:51:00,15:28:00,,10:23:00,15:28:00,18:56:50,3:28:50,01:51:00,05:24:04,3:33:04,,,,
2023-01-03,05:24:44,18:57:05,13:32:21,,02:30:00,16:25:00,,10:05:00,16:25:00,18:57:05,2:32:05,02:30:00,05:24:44,2:54:44,,,,
2023-01-04,05:25:24,18:57:19,13:31:55,,03:13:00,17:20:00,,9:53:00,17:20:00,18:57:19,1:37:19,03:13:00,05:25:24,2:12:24,,,,
2023-01-05,05:26:05,18:57:31,13:31:27,,04:00:00,18:14:00,,9:46:00,18:14:00,18:57:31,0:43:32,04:00:00,05:26:05,1:26:05,,,,
2023-01-06,05:26:46,18:57:42,13:30:57,,04:51:00,19:05:00,,9:46:00,,,0:00:00,04:51:00,19:05:00,0:43:03,,,,
2023-01-07,05:27:28,18:57:52,13:30:25,,05:44:00,19:51:00,,9:53:00,05:27:28,05:44:00,0:16:32,18:57:52,19:51:00,0:53:07,,,,
2023-01-08,05:28:10,18:58:01,13:29:51,,06:38:00,20:33:00,,10:05:00,05:28:10,06:38:00,1:09:50,18:58:01,20:33:00,1:34:59,,,,
2023-01-09,05:28:52,18:58:08,13:29:16,,07:32:00,,,7:32:00,05:28:52,07:32:00,2:03:07,18:58:08,00:00:00,5:01:52,,,,
2023-01-10,05:29:35,18:58:14,13:28:38,,08:25:00,21:44:00,,10:41:00,05:29:35,08:25:00,2:55:24,18:58:14,21:44:00,2:45:46,,,,
2023-01-11,05:30:18,18:58:18,13:28:00,,09:17:00,22:16:00,,11:01:00,05:30:18,09:17:00,3:46:41,18:58:18,22:16:00,3:17:42,,,,
2023-01-12,05:31:02,18:58:21,13:27:19,,10:08:00,22:47:00,,11:21:00,05:31:02,10:08:00,4:36:58,18:58:21,22:47:00,3:48:39,,,,
2023-01-13,05:31:45,18:58:22,13:26:37,,10:59:00,23:17:00,,11:42:00,05:31:45,10:59:00,5:27:14,18:58:22,23:17:00,4:18:37,,,,
2023-01-14,05:32:29,18:58:22,13:25:53,,11:52:00,23:50:00,,12:02:00,05:32:29,11:52:00,6:19:30,18:58:22,23:50:00,4:51:37,,,,
2023-01-15,05:33:13,18:58:21,13:25:08,,12:47:00,,,12:47:00,05:33:13,12:47:00,7:13:46,18:58:21,00:00:00,5:01:39,,,,
2023-01-16,05:33:57,18:58:18,13:24:21,00:25:00,13:46:00,,,13:21:00,05:33:57,13:46:00,8:12:02,00:00:00,00:00:00,5:26:42,,,,
2023-01-17,05:34:41,18:58:14,13:23:32,01:05:00,14:49:00,,,13:44:00,05:34:41,14:49:00,9:14:18,00:00:00,00:00:00,6:06:46,,,,
2023-01-18,05:35:26,18:58:08,13:22:42,01:52:00,15:56:00,,,14:04:00,05:35:26,15:56:00,10:20:34,00:00:00,00:00:00,6:53:52,,,,
2023-01-19,05:36:10,18:58:01,13:21:51,02:47:00,17:04:00,,,14:17:00,05:36:10,17:04:00,11:27:50,00:00:00,00:00:00,7:48:59,,,,
2023-01-20,05:36:54,18:57:52,13:20:58,03:50:00,18:10:00,,,14:20:00,05:36:54,18:10:00,12:33:05,00:00:00,00:00:00,8:52:07,,,,
2023-01-21,05:37:38,18:57:42,13:20:04,05:01:00,19:11:00,,,14:10:00,05:37:38,18:57:42,13:20:04,00:00:00,00:00:00,9:50:00,,,,
2023-01-22,05:38:22,18:57:31,13:19:09,06:13:00,20:03:00,,,13:50:00,06:13:00,18:57:31,12:44:31,00:00:00,00:00:00,9:35:23,,,,
2023-01-23,05:39:06,18:57:18,13:18:12,07:23:00,20:49:00,,,13:26:00,07:23:00,18:57:18,11:34:19,00:00:00,00:00:00,8:50:07,,,,
2023-01-24,05:39:50,18:57:04,13:17:14,08:30:00,,,,15:30:00,08:30:00,18:57:04,10:27:04,00:00:00,05:39:50,5:39:50,,,,
2023-01-25,05:40:34,18:56:48,13:16:15,09:33:00,22:06:00,,,12:33:00,09:33:00,18:56:48,9:23:49,00:00:00,00:00:00,7:34:34,,,,
2023-01-26,05:41:17,18:56:31,13:15:14,10:32:00,22:41:00,,,12:09:00,10:32:00,18:56:31,8:24:32,00:00:00,00:00:00,7:00:17,,,,
2023-01-27,05:42:00,18:56:13,13:14:13,11:30:00,23:15:00,,,11:45:00,11:30:00,18:56:13,7:26:13,00:00:00,00:00:00,6:27:01,,,,
2023-01-28,05:42:43,18:55:53,13:13:10,12:27:00,23:51:00,,,11:24:00,12:27:00,18:55:53,6:28:54,00:00:00,00:00:00,5:51:44,,,,
2023-01-29,05:43:26,18:55:32,13:12:06,13:23:00,,,,10:37:00,13:23:00,18:55:32,5:32:33,00:00:00,05:43:26,5:43:26,,,,
2023-01-30,05:44:08,18:55:10,13:11:02,,00:29:00,14:20:00,,10:09:00,14:20:00,18:55:10,4:35:10,00:29:00,05:44:08,5:15:09,,,,
2023-01-31,05:44:50,18:54:46,13:09:56,,01:11:00,15:16:00,,9:55:00,15:16:00,18:54:46,3:38:47,01:11:00,05:44:50,4:33:51,,,,
2023-02-01,05:45:32,18:54:21,13:08:49,,01:57:00,16:10:00,,9:47:00,16:10:00,18:54:21,2:44:22,01:57:00,05:45:32,3:48:32,,,,
2023-02-02,05:46:13,18:53:55,13:07:42,,02:46:00,17:01:00,,9:45:00,17:01:00,18:53:55,1:52:55,02:46:00,05:46:13,3:00:14,,,,
2023-02-03,05:46:54,18:53:27,13:06:33,,03:38:00,17:49:00,,9:49:00,17:49:00,18:53:27,1:04:28,03:38:00,05:46:54,2:08:55,,,,
2023-02-04,05:47:35,18:52:58,13:05:24,,04:33:00,18:32:00,,10:01:00,18:32:00,18:52:58,0:20:59,04:33:00,05:47:35,1:14:35,,,,
2023-02-05,05:48:15,18:52:28,13:04:14,,05:27:00,19:10:00,,10:17:00,,,0:00:00,05:27:00,19:10:00,0:38:46,,,,
2023-02-06,05:48:55,18:51:57,13:03:02,,06:20:00,19:46:00,,10:34:00,05:48:55,06:20:00,0:31:05,18:51:57,19:46:00,0:54:02,,,,
2023-02-07,05:49:34,18:51:25,13:01:51,,07:13:00,20:18:00,,10:55:00,05:49:34,07:13:00,1:23:25,18:51:25,20:18:00,1:26:35,,,,
2023-02-08,05:50:13,18:50:51,13:00:38,,08:04:00,20:49:00,,11:15:00,05:50:13,08:04:00,2:13:47,18:50:51,20:49:00,1:58:08,,,,
2023-02-09,05:50:51,18:50:16,12:59:25,,08:56:00,,,8:56:00,05:50:51,08:56:00,3:05:08,18:50:16,00:00:00,5:09:43,,,,
2023-02-10,05:51:29,18:49:41,12:58:11,,09:47:00,21:51:00,,11:56:00,05:51:29,09:47:00,3:55:30,18:49:41,21:51:00,3:01:19,,,,
2023-02-11,05:52:07,18:49:04,12:56:57,,10:41:00,22:24:00,,12:17:00,05:52:07,10:41:00,4:48:52,18:49:04,22:24:00,3:34:56,,,,
2023-02-12,05:52:44,18:48:26,12:55:42,,11:36:00,23:01:00,,12:35:00,05:52:44,11:36:00,5:43:15,18:48:26,23:01:00,4:12:34,,,,
2023-02-13,05:53:21,18:47:47,12:54:26,,12:36:00,23:43:00,,12:53:00,05:53:21,12:36:00,6:42:39,18:47:47,23:43:00,4:55:13,,,,
2023-02-14,05:53:57,18:47:06,12:53:10,,13:39:00,,,13:39:00,05:53:57,13:39:00,7:45:03,18:47:06,00:00:00,5:12:53,,,,
2023-02-15,05:54:33,18:46:25,12:51:53,00:32:00,14:45:00,,,14:13:00,05:54:33,14:45:00,8:50:27,00:00:00,00:00:00,5:45:34,,,,
2023-02-16,05:55:08,18:45:43,12:50:36,01:30:00,15:50:00,,,14:20:00,05:55:08,15:50:00,9:54:52,00:00:00,00:00:00,6:44:16,,,,
2023-02-17,05:55:43,18:45:00,12:49:18,02:35:00,16:52:00,,,14:17:00,05:55:43,16:52:00,10:56:17,00:00:00,00:00:00,7:49:59,,,,
2023-02-18,05:56:17,18:44:16,12:48:00,03:46:00,17:47:00,,,14:01:00,05:56:17,17:47:00,11:50:43,00:00:00,00:00:00,9:01:43,,,,
2023-02-19,05:56:51,18:43:32,12:46:41,04:57:00,18:36:00,,,13:39:00,05:56:51,18:36:00,12:39:09,00:00:00,00:00:00,10:13:28,,,,
2023-02-20,05:57:24,18:42:46,12:45:22,06:06:00,19:19:00,,,13:13:00,06:06:00,18:42:46,12:36:46,00:00:00,00:00:00,10:38:24,,,,
2023-02-21,05:57:57,18:41:59,12:44:02,07:12:00,19:58:00,,,12:46:00,07:12:00,18:41:59,11:30:00,00:00:00,00:00:00,9:59:57,,,,
2023-02-22,05:58:29,18:41:12,12:42:43,08:15:00,20:35:00,,,12:20:00,08:15:00,18:41:12,10:26:12,00:00:00,00:00:00,9:23:30,,,,
2023-02-23,05:59:01,18:40:24,12:41:23,09:15:00,,,,14:45:00,09:15:00,18:40:24,9:25:24,00:00:00,05:59:01,5:59:02,,,,
2023-02-24,05:59:32,18:39:35,12:40:02,10:14:00,21:47:00,,,11:33:00,10:14:00,18:39:35,8:25:35,00:00:00,00:00:00,8:12:33,,,,
2023-02-25,06:00:04,18:38:45,12:38:42,11:13:00,22:26:00,,,11:13:00,11:13:00,18:38:45,7:25:46,00:00:00,00:00:00,7:34:04,,,,
2023-02-26,06:00:34,18:37:55,12:37:21,12:11:00,23:07:00,,,10:56:00,12:11:00,18:37:55,6:26:55,00:00:00,00:00:00,6:53:35,,,,
2023-02-27,06:01:04,18:37:04,12:35:59,13:09:00,23:52:00,,,10:43:00,13:09:00,18:37:04,5:28:04,00:00:00,00:00:00,6:09:05,,,,
2023-02-28,06:01:34,18:36:12,12:34:38,14:04:00,,,,9:56:00,14:04:00,18:36:12,4:32:12,00:00:00,06:01:34,6:01:34,,,,
2023-03-01,06:02:03,18:35:19,12:33:16,,00:41:00,14:57:00,,9:44:00,14:57:00,18:35:19,3:38:20,00:41:00,06:02:03,5:21:04,,,,
2023-03-02,06:02:32,18:34:27,12:31:54,,01:32:00,15:46:00,,9:46:00,15:46:00,18:34:27,2:48:27,01:32:00,06:02:32,4:30:33,,,,
2023-03-03,06:03:01,18:33:33,12:30:32,,02:26:00,16:30:00,,9:56:00,16:30:00,18:33:33,2:03:33,02:26:00,06:03:01,3:37:01,,,,
2023-03-04,06:03:29,18:32:39,12:29:10,,03:21:00,17:10:00,,10:11:00,17:10:00,18:32:39,1:22:39,03:21:00,06:03:29,2:42:29,,,,
2023-03-05,06:03:57,18:31:44,12:27:48,,04:15:00,17:47:00,,10:28:00,17:47:00,18:31:44,0:44:45,04:15:00,06:03:57,1:48:57,,,,
2023-03-06,06:04:24,18:30:49,12:26:25,,05:08:00,18:20:00,,10:48:00,18:20:00,18:30:49,0:10:50,05:08:00,06:04:24,0:56:25,,,,
2023-03-07,06:04:51,18:29:54,12:25:03,,06:00:00,18:51:00,,11:09:00,,,0:00:00,06:00:00,18:51:00,0:25:57,,,,
2023-03-08,06:05:18,18:28:58,12:23:40,,06:52:00,19:22:00,,11:30:00,06:05:18,06:52:00,0:46:42,18:28:58,19:22:00,0:53:02,,,,
2023-03-09,06:05:44,18:28:01,12:22:17,,07:43:00,19:53:00,,11:50:00,06:05:44,07:43:00,1:37:15,18:28:01,19:53:00,1:24:58,,,,
2023-03-10,06:06:10,18:27:05,12:20:54,,08:37:00,20:25:00,,12:12:00,06:06:10,08:37:00,2:30:49,18:27:05,20:25:00,1:57:55,,,,
2023-03-11,06:06:36,18:26:07,12:19:31,,09:32:00,,,9:32:00,06:06:36,09:32:00,3:25:23,18:26:07,00:00:00,5:33:52,,,,
2023-03-12,06:07:02,18:25:10,12:18:08,,10:30:00,21:41:00,,12:49:00,06:07:02,10:30:00,4:22:58,18:25:10,21:41:00,3:15:49,,,,
2023-03-13,06:07:27,18:24:12,12:16:45,,11:31:00,22:27:00,,13:04:00,06:07:27,11:31:00,5:23:33,18:24:12,22:27:00,4:02:47,,,,
2023-03-14,06:07:52,18:23:14,12:15:22,,12:35:00,23:20:00,,13:15:00,06:07:52,12:35:00,6:27:08,18:23:14,23:20:00,4:56:45,,,,
2023-03-15,06:08:17,18:22:16,12:13:59,,13:39:00,,,13:39:00,06:08:17,13:39:00,7:30:43,18:22:16,00:00:00,5:37:43,,,,
2023-03-16,06:08:41,18:21:18,12:12:37,00:21:00,14:40:00,,,14:19:00,06:08:41,14:40:00,8:31:18,00:00:00,00:00:00,5:59:42,,,,
2023-03-17,06:09:05,18:20:19,12:11:14,01:27:00,15:36:00,,,14:09:00,06:09:05,15:36:00,9:26:54,00:00:00,00:00:00,7:06:41,,,,
2023-03-18,06:09:29,18:19:20,12:09:51,02:36:00,16:26:00,,,13:50:00,06:09:29,16:26:00,10:16:30,00:00:00,00:00:00,8:16:39,,,,
2023-03-19,06:09:53,18:18:21,12:08:28,03:44:00,17:10:00,,,13:26:00,06:09:53,17:10:00,11:00:06,00:00:00,00:00:00,9:25:38,,,,
2023-03-20,06:10:17,18:17:22,12:07:05,04:50:00,17:50:00,,,13:00:00,06:10:17,17:50:00,11:39:42,00:00:00,00:00:00,10:32:37,,,,
2023-03-21,06:10:41,18:16:23,12:05:42,05:54:00,18:27:00,,,12:33:00,06:10:41,18:16:23,12:05:42,00:00:00,00:00:00,11:27:00,,,,
2023-03-22,06:11:04,18:15:24,12:04:20,06:56:00,19:04:00,,,12:08:00,06:56:00,18:15:24,11:19:24,00:00:00,00:00:00,11:07:05,,,,
2023-03-23,06:11:27,18:14:25,12:02:57,07:56:00,19:40:00,,,11:44:00,07:56:00,18:14:25,10:18:25,00:00:00,00:00:00,10:31:28,,,,
2023-03-24,06:11:51,18:13:25,12:01:35,08:57:00,20:18:00,,,11:21:00,08:57:00,18:13:25,9:16:26,00:00:00,00:00:00,9:53:51,,,,
2023-03-25,06:12:14,18:12:26,12:00:13,09:57:00,20:59:00,,,11:02:00,09:57:00,18:12:26,8:15:27,00:00:00,00:00:00,9:13:14,,,,
2023-03-26,06:12:37,18:11:27,11:58:50,10:56:00,,,,13:04:00,10:56:00,18:11:27,7:15:28,00:00:00,06:12:37,6:12:37,,,,
2023-03-27,06:13:00,18:10:28,11:57:28,11:55:00,22:32:00,,,10:37:00,11:55:00,18:10:28,6:15:29,00:00:00,00:00:00,7:41:00,,,,
2023-03-28,06:13:22,18:09:29,11:56:07,12:50:00,23:24:00,,,10:34:00,12:50:00,18:09:29,5:19:30,00:00:00,00:00:00,6:49:23,,,,
2023-03-29,06:13:45,18:08:30,11:54:45,13:41:00,,,,10:19:00,13:41:00,18:08:30,4:27:31,00:00:00,06:13:45,6:13:46,,,,
2023-03-30,06:14:08,18:07:32,11:53:24,,00:18:00,14:27:00,,9:51:00,14:27:00,18:07:32,3:40:32,00:18:00,06:14:08,5:56:09,,,,
2023-03-31,06:14:31,18:06:33,11:52:02,,01:12:00,15:09:00,,10:03:00,15:09:00,18:06:33,2:57:34,01:12:00,06:14:31,5:02:31,,,,
2023-04-01,06:14:54,18:05:35,11:50:41,,02:07:00,15:46:00,,10:21:00,15:46:00,18:05:35,2:19:35,02:07:00,06:14:54,4:07:54,,,,
2023-04-02,06:15:16,18:04:37,11:49:20,,03:00:00,16:20:00,,10:40:00,16:20:00,18:04:37,1:44:37,03:00:00,06:15:16,3:15:17,,,,
2023-04-03,06:15:39,18:03:39,11:48:00,,03:52:00,16:52:00,,11:00:00,16:52:00,18:03:39,1:11:39,03:52:00,06:15:39,2:23:40,,,,
2023-04-04,06:16:02,18:02:41,11:46:40,,04:44:00,17:23:00,,11:21:00,17:23:00,18:02:41,0:39:42,04:44:00,06:16:02,1:32:02,,,,
2023-04-05,06:16:25,18:01:44,11:45:19,,05:37:00,17:54:00,,11:43:00,17:54:00,18:01:44,0:07:45,05:37:00,06:16:25,0:39:25,,,,
2023-04-06,06:16:48,18:00:47,11:44:00,,06:30:00,18:26:00,,12:04:00,06:16:48,06:30:00,0:13:12,18:00:47,18:26:00,0:25:12,,,,
2023-04-07,06:17:11,17:59:51,11:42:40,,07:25:00,19:01:00,,12:24:00,06:17:11,07:25:00,1:07:49,17:59:51,19:01:00,1:01:09,,,,
2023-04-08,06:17:34,17:58:54,11:41:21,,08:24:00,19:40:00,,12:44:00,06:17:34,08:24:00,2:06:26,17:58:54,19:40:00,1:41:05,,,,
2023-04-09,06:17:57,17:57:59,11:40:02,,09:25:00,20:25:00,,13:00:00,06:17:57,09:25:00,3:07:03,17:57:59,20:25:00,2:27:01,,,,
2023-04-10,06:18:20,17:57:03,11:38:44,,10:28:00,,,10:28:00,06:18:20,10:28:00,4:09:40,17:57:03,00:00:00,6:02:56,,,,
2023-04-11,06:18:43,17:56:08,11:37:25,,11:32:00,22:14:00,,13:18:00,06:18:43,11:32:00,5:13:16,17:56:08,22:14:00,4:17:51,,,,
2023-04-12,06:19:07,17:55:14,11:36:08,,12:34:00,23:18:00,,13:16:00,06:19:07,12:34:00,6:14:53,17:55:14,23:18:00,5:22:45,,,,
2023-04-13,06:19:30,17:54:20,11:34:50,,13:31:00,,,13:31:00,06:19:30,13:31:00,7:11:29,17:54:20,00:00:00,6:05:39,,,,
2023-04-14,06:19:54,17:53:27,11:33:33,00:24:00,14:21:00,,,13:57:00,06:19:54,14:21:00,8:01:06,00:00:00,00:00:00,6:30:33,,,,
2023-04-15,06:20:18,17:52:34,11:32:16,01:31:00,15:06:00,,,13:35:00,06:20:18,15:06:00,8:45:42,00:00:00,00:00:00,7:38:26,,,,
2023-04-16,06:20:41,17:51:42,11:31:00,02:36:00,15:46:00,,,13:10:00,06:20:41,15:46:00,9:25:18,00:00:00,00:00:00,8:44:18,,,,
2023-04-17,06:21:06,17:50:50,11:29:44,03:38:00,16:23:00,,,12:45:00,06:21:06,16:23:00,10:01:54,00:00:00,00:00:00,9:47:10,,,,
2023-04-18,06:21:30,17:49:59,11:28:29,04:39:00,16:59:00,,,12:20:00,06:21:30,16:59:00,10:37:30,00:00:00,00:00:00,10:49:01,,,,
2023-04-19,06:21:54,17:49:08,11:27:14,05:39:00,17:34:00,,,11:55:00,06:21:54,17:34:00,11:12:05,00:00:00,00:00:00,11:49:51,,,,
2023-04-20,06:22:19,17:48:19,11:26:00,06:39:00,18:12:00,,,11:33:00,06:39:00,17:48:19,11:09:19,00:00:00,00:00:00,12:10:19,,,,
2023-04-21,06:22:43,17:47:30,11:24:46,07:40:00,18:51:00,,,11:11:00,07:40:00,17:47:30,10:07:30,00:00:00,00:00:00,11:31:44,,,,
2023-04-22,06:23:08,17:46:41,11:23:33,08:41:00,19:35:00,,,10:54:00,08:41:00,17:46:41,9:05:42,00:00:00,00:00:00,10:48:09,,,,
2023-04-23,06:23:33,17:45:53,11:22:20,09:41:00,20:22:00,,,10:41:00,09:41:00,17:45:53,8:04:54,00:00:00,00:00:00,10:01:34,,,,
2023-04-24,06:23:59,17:45:07,11:21:08,10:38:00,,,,13:22:00,10:38:00,17:45:07,7:07:07,00:00:00,06:23:59,6:23:59,,,,
2023-04-25,06:24:24,17:44:20,11:19:56,11:32:00,22:07:00,,,10:35:00,11:32:00,17:44:20,6:12:21,00:00:00,00:00:00,8:17:25,,,,
2023-04-26,06:24:50,17:43:35,11:18:45,12:21:00,23:02:00,,,10:41:00,12:21:00,17:43:35,5:22:35,00:00:00,00:00:00,7:22:50,,,,
2023-04-27,06:25:16,17:42:50,11:17:35,13:05:00,23:57:00,,,10:52:00,13:05:00,17:42:50,4:37:51,00:00:00,00:00:00,6:28:16,,,,
2023-04-28,06:25:42,17:42:07,11:16:25,13:44:00,,,,10:16:00,13:44:00,17:42:07,3:58:07,00:00:00,06:25:42,6:25:42,,,,
2023-04-29,06:26:08,17:41:24,11:15:16,,00:51:00,14:19:00,,10:32:00,14:19:00,17:41:24,3:22:24,00:51:00,06:26:08,5:35:08,,,,
2023-04-30,06:26:34,17:40:42,11:14:08,,01:43:00,14:51:00,,10:52:00,14:51:00,17:40:42,2:49:42,01:43:00,06:26:34,4:43:35,,,,
2023-05-01,06:27:01,17:40:01,11:13:00,,02:35:00,15:22:00,,11:13:00,15:22:00,17:40:01,2:18:01,02:35:00,06:27:01,3:52:01,,,,
2023-05-02,06:27:27,17:39:20,11:11:53,,03:27:00,15:53:00,,11:34:00,15:53:00,17:39:20,1:46:21,03:27:00,06:27:27,3:00:28,,,,
2023-05-03,06:27:54,17:38:41,11:10:47,,04:20:00,16:25:00,,11:55:00,16:25:00,17:38:41,1:13:42,04:20:00,06:27:54,2:07:55,,,,
2023-05-04,06:28:21,17:38:03,11:09:42,,05:14:00,16:59:00,,12:15:00,16:59:00,17:38:03,0:39:03,05:14:00,06:28:21,1:14:22,,,,
2023-05-05,06:28:48,17:37:25,11:08:37,,06:12:00,17:37:00,,12:35:00,17:37:00,17:37:25,0:00:26,06:12:00,06:28:48,0:16:49,,,,
2023-05-06,06:29:16,17:36:49,11:07:33,,07:13:00,18:20:00,,12:53:00,06:29:16,07:13:00,0:43:44,17:36:49,18:20:00,0:43:10,,,,
2023-05-07,06:29:43,17:36:14,11:06:31,,08:18:00,19:10:00,,13:08:00,06:29:43,08:18:00,1:48:16,17:36:14,19:10:00,1:33:46,,,,
2023-05-08,06:30:11,17:35:39,11:05:29,,09:24:00,20:07:00,,13:17:00,06:30:11,09:24:00,2:53:49,17:35:39,20:07:00,2:31:20,,,,
2023-05-09,06:30:38,17:35:06,11:04:28,,10:28:00,,,10:28:00,06:30:38,10:28:00,3:57:21,17:35:06,00:00:00,6:24:54,,,,
2023-05-10,06:31:06,17:34:33,11:03:27,,11:27:00,22:17:00,,13:10:00,06:31:06,11:27:00,4:55:53,17:34:33,22:17:00,4:42:26,,,,
2023-05-11,06:31:34,17:34:02,11:02:28,,12:19:00,23:24:00,,12:55:00,06:31:34,12:19:00,5:47:26,17:34:02,23:24:00,5:49:57,,,,
2023-05-12,06:32:02,17:33:32,11:01:30,,13:05:00,,,13:05:00,06:32:02,13:05:00,6:32:58,17:33:32,00:00:00,6:26:28,,,,
2023-05-13,06:32:30,17:33:03,11:00:33,00:28:00,13:46:00,,,13:18:00,06:32:30,13:46:00,7:13:29,00:00:00,00:00:00,6:54:57,,,,
2023-05-14,06:32:58,17:32:35,10:59:37,01:30:00,14:23:00,,,12:53:00,06:32:58,14:23:00,7:50:01,00:00:00,00:00:00,7:57:25,,,,
2023-05-15,06:33:26,17:32:08,10:58:41,02:30:00,14:58:00,,,12:28:00,06:33:26,14:58:00,8:24:33,00:00:00,00:00:00,8:57:52,,,,
2023-05-16,06:33:54,17:31:42,10:57:47,03:29:00,15:33:00,,,12:04:00,06:33:54,15:33:00,8:59:05,00:00:00,00:00:00,9:57:18,,,,
2023-05-17,06:34:23,17:31:17,10:56:54,04:28:00,16:08:00,,,11:40:00,06:34:23,16:08:00,9:33:37,00:00:00,00:00:00,10:56:43,,,,
2023-05-18,06:34:51,17:30:53,10:56:02,05:27:00,16:46:00,,,11:19:00,06:34:51,16:46:00,10:11:09,00:00:00,00:00:00,11:56:06,,,,
2023-05-19,06:35:19,17:30:31,10:55:12,06:27:00,17:28:00,,,11:01:00,06:35:19,17:28:00,10:52:40,00:00:00,00:00:00,12:56:29,,,,
2023-05-20,06:35:47,17:30:09,10:54:22,07:27:00,18:13:00,,,10:46:00,07:27:00,17:30:09,10:03:10,00:00:00,00:00:00,12:22:48,,,,
2023-05-21,06:36:15,17:29:49,10:53:34,08:26:00,19:03:00,,,10:37:00,08:26:00,17:29:49,9:03:50,00:00:00,00:00:00,11:33:16,,,,
2023-05-22,06:36:43,17:29:30,10:52:47,09:22:00,19:57:00,,,10:35:00,09:22:00,17:29:30,8:07:31,00:00:00,00:00:00,10:39:44,,,,
2023-05-23,06:37:11,17:29:12,10:52:01,10:13:00,20:52:00,,,10:39:00,10:13:00,17:29:12,7:16:13,00:00:00,00:00:00,9:45:12,,,,
2023-05-24,06:37:39,17:28:55,10:51:17,10:59:00,,,,13:01:00,10:59:00,17:28:55,6:29:56,00:00:00,06:37:39,6:37:39,,,,
2023-05-25,06:38:06,17:28:40,10:50:33,11:40:00,22:41:00,,,11:01:00,11:40:00,17:28:40,5:48:40,00:00:00,00:00:00,7:57:07,,,,
2023-05-26,06:38:34,17:28:25,10:49:52,12:17:00,23:34:00,,,11:17:00,12:17:00,17:28:25,5:11:26,00:00:00,00:00:00,7:04:34,,,,
2023-05-27,06:39:01,17:28:12,10:49:11,12:50:00,,,,11:10:00,12:50:00,17:28:12,4:38:13,00:00:00,06:39:01,6:39:02,,,,
2023-05-28,06:39:28,17:28:00,10:48:32,,00:25:00,13:21:00,,11:04:00,13:21:00,17:28:00,4:07:00,00:25:00,06:39:28,6:14:29,,,,
2023-05-29,06:39:55,17:27:49,10:47:54,,01:16:00,13:51:00,,11:25:00,13:51:00,17:27:49,3:36:49,01:16:00,06:39:55,5:23:55,,,,
2023-05-30,06:40:21,17:27:39,10:47:18,,02:08:00,14:22:00,,11:46:00,14:22:00,17:27:39,3:05:40,02:08:00,06:40:21,4:32:22,,,,
2023-05-31,06:40:48,17:27:30,10:46:43,,03:01:00,14:55:00,,12:06:00,14:55:00,17:27:30,2:32:31,03:01:00,06:40:48,3:39:48,,,,
2023-06-01,06:41:13,17:27:23,10:46:10,,03:57:00,15:30:00,,12:27:00,15:30:00,17:27:23,1:57:23,03:57:00,06:41:13,2:44:14,,,,
2023-06-02,06:41:39,17:27:17,10:45:38,,04:57:00,16:11:00,,12:46:00,16:11:00,17:27:17,1:16:17,04:57:00,06:41:39,1:44:39,,,,
2023-06-03,06:42:04,17:27:11,10:45:07,,06:01:00,16:59:00,,13:02:00,16:59:00,17:27:11,0:28:12,06:01:00,06:42:04,0:41:05,,,,
2023-06-04,06:42:29,17:27:07,10:44:38,,07:08:00,17:55:00,,13:13:00,06:42:29,07:08:00,0:25:31,17:27:07,17:55:00,0:27:52,,,,
2023-06-05,06:42:53,17:27:04,10:44:11,,08:14:00,18:58:00,,13:16:00,06:42:53,08:14:00,1:31:06,17:27:04,18:58:00,1:30:55,,,,
2023-06-06,06:43:17,17:27:02,10:43:45,,09:17:00,20:05:00,,13:12:00,06:43:17,09:17:00,2:33:43,17:27:02,20:05:00,2:37:57,,,,
2023-06-07,06:43:40,17:27:01,10:43:21,,10:14:00,,,10:14:00,06:43:40,10:14:00,3:30:19,17:27:01,00:00:00,6:32:58,,,,
2023-06-08,06:44:03,17:27:02,10:42:58,,11:03:00,22:21:00,,12:42:00,06:44:03,11:03:00,4:18:56,17:27:02,22:21:00,4:53:58,,,,
2023-06-09,06:44:25,17:27:03,10:42:37,,11:46:00,23:25:00,,12:21:00,06:44:25,11:46:00,5:01:34,17:27:03,23:25:00,5:57:57,,,,
2023-06-10,06:44:47,17:27:05,10:42:18,,12:25:00,,,12:25:00,06:44:47,12:25:00,5:40:12,17:27:05,00:00:00,6:32:54,,,,
2023-06-11,06:45:08,17:27:09,10:42:00,00:25:00,13:00:00,,,12:35:00,06:45:08,13:00:00,6:14:51,00:00:00,00:00:00,6:57:51,,,,
2023-06-12,06:45:29,17:27:13,10:41:44,01:24:00,13:34:00,,,12:10:00,06:45:29,13:34:00,6:48:31,00:00:00,00:00:00,7:56:46,,,,
2023-06-13,06:45:49,17:27:19,10:41:30,02:21:00,14:09:00,,,11:48:00,06:45:49,14:09:00,7:23:11,00:00:00,00:00:00,8:53:41,,,,
2023-06-14,06:46:08,17:27:25,10:41:17,03:19:00,14:45:00,,,11:26:00,06:46:08,14:45:00,7:58:52,00:00:00,00:00:00,9:51:34,,,,
2023-06-15,06:46:26,17:27:33,10:41:06,04:18:00,15:25:00,,,11:07:00,06:46:26,15:25:00,8:38:33,00:00:00,00:00:00,10:50:27,,,,
2023-06-16,06:46:44,17:27:41,10:40:57,05:17:00,16:08:00,,,10:51:00,06:46:44,16:08:00,9:21:15,00:00:00,00:00:00,11:49:19,,,,
2023-06-17,06:47:01,17:27:50,10:40:49,06:16:00,16:56:00,,,10:40:00,06:47:01,16:56:00,10:08:58,00:00:00,00:00:00,12:48:09,,,,
2023-06-18,06:47:17,17:28:00,10:40:43,07:13:00,17:48:00,,,10:35:00,07:13:00,17:28:00,10:15:01,00:00:00,00:00:00,12:59:18,,,,
2023-06-19,06:47:33,17:28:12,10:40:39,08:06:00,18:43:00,,,10:37:00,08:06:00,17:28:12,9:22:12,00:00:00,00:00:00,12:04:33,,,,
2023-06-20,06:47:47,17:28:24,10:40:36,08:54:00,19:38:00,,,10:44:00,08:54:00,17:28:24,8:34:24,00:00:00,00:00:00,11:09:48,,,,
2023-06-21,06:48:01,17:28:36,10:40:35,09:37:00,20:33:00,,,10:56:00,09:37:00,17:28:36,7:51:37,00:00:00,00:00:00,10:15:01,,,,
2023-06-22,06:48:14,17:28:50,10:40:36,10:15:00,,,,13:45:00,10:15:00,17:28:50,7:13:51,00:00:00,06:48:14,6:48:14,,,,
2023-06-23,06:48:26,17:29:04,10:40:39,10:49:00,22:18:00,,,11:29:00,10:49:00,17:29:04,6:40:05,00:00:00,00:00:00,8:30:26,,,,
2023-06-24,06:48:37,17:29:20,10:40:43,11:20:00,23:08:00,,,11:48:00,11:20:00,17:29:20,6:09:20,00:00:00,00:00:00,7:40:37,,,,
2023-06-25,06:48:47,17:29:36,10:40:49,11:51:00,23:59:00,,,12:08:00,11:51:00,17:29:36,5:38:36,00:00:00,00:00:00,6:49:47,,,,
2023-06-26,06:48:56,17:29:52,10:40:57,12:20:00,,,,11:40:00,12:20:00,17:29:52,5:09:53,00:00:00,06:48:56,6:48:56,,,,
2023-06-27,06:49:04,17:30:10,10:41:06,,00:50:00,12:51:00,,11:59:00,12:51:00,17:30:10,4:39:10,00:50:00,06:49:04,5:59:04,,,,
2023-06-28,06:49:11,17:30:28,10:41:17,,01:44:00,13:25:00,,12:19:00,13:25:00,17:30:28,4:05:28,01:44:00,06:49:11,5:05:11,,,,
2023-06-29,06:49:17,17:30:46,10:41:30,,02:40:00,14:03:00,,12:37:00,14:03:00,17:30:46,3:27:47,02:40:00,06:49:17,4:09:17,,,,
2023-06-30,06:49:22,17:31:06,10:41:44,,03:41:00,14:46:00,,12:55:00,14:46:00,17:31:06,2:45:06,03:41:00,06:49:22,3:08:22,,,,
2023-07-01,06:49:26,17:31:26,10:42:00,,04:47:00,15:38:00,,13:09:00,15:38:00,17:31:26,1:53:26,04:47:00,06:49:26,2:02:26,,,,
2023-07-02,06:49:28,17:31:46,10:42:18,,05:54:00,16:38:00,,13:16:00,16:38:00,17:31:46,0:53:47,05:54:00,06:49:28,0:55:29,,,,
2023-07-03,06:49:30,17:32:07,10:42:37,,07:00:00,17:46:00,,13:14:00,06:49:30,07:00:00,0:10:29,17:32:07,17:46:00,0:13:53,,,,
2023-07-04,06:49:31,17:32:28,10:42:58,,08:01:00,18:57:00,,13:04:00,06:49:31,08:01:00,1:11:29,17:32:28,18:57:00,1:24:31,,,,
2023-07-05,06:49:30,17:32:50,10:43:20,,08:55:00,20:07:00,,12:48:00,06:49:30,08:55:00,2:05:29,17:32:50,20:07:00,2:34:09,,,,
2023-07-06,06:49:29,17:33:13,10:43:44,,09:42:00,,,9:42:00,06:49:29,09:42:00,2:52:31,17:33:13,00:00:00,6:26:47,,,,
2023-07-07,06:49:26,17:33:36,10:44:10,,10:23:00,22:17:00,,12:06:00,06:49:26,10:23:00,3:33:34,17:33:36,22:17:00,4:43:24,,,,
2023-07-08,06:49:22,17:33:59,10:44:37,,11:00:00,23:18:00,,11:42:00,06:49:22,11:00:00,4:10:38,17:33:59,23:18:00,5:44:01,,,,
2023-07-09,06:49:17,17:34:22,10:45:06,,11:35:00,,,11:35:00,06:49:17,11:35:00,4:45:43,17:34:22,00:00:00,6:25:37,,,,
2023-07-10,06:49:10,17:34:46,10:45:36,00:17:00,12:10:00,,,11:53:00,06:49:10,12:10:00,5:20:49,00:00:00,00:00:00,6:42:13,,,,
2023-07-11,06:49:03,17:35:10,10:46:07,01:15:00,12:46:00,,,11:31:00,06:49:03,12:46:00,5:56:57,00:00:00,00:00:00,7:39:49,,,,
2023-07-12,06:48:54,17:35:35,10:46:41,02:13:00,13:24:00,,,11:11:00,06:48:54,13:24:00,6:35:05,00:00:00,00:00:00,8:37:25,,,,
2023-07-13,06:48:44,17:36:00,10:47:15,03:11:00,14:06:00,,,10:55:00,06:48:44,14:06:00,7:17:15,00:00:00,00:00:00,9:35:00,,,,
2023-07-14,06:48:33,17:36:25,10:47:51,04:10:00,14:52:00,,,10:42:00,06:48:33,14:52:00,8:03:26,00:00:00,00:00:00,10:33:35,,,,
2023-07-15,06:48:21,17:36:50,10:48:29,05:07:00,15:43:00,,,10:36:00,06:48:21,15:43:00,8:54:38,00:00:00,00:00:00,11:30:10,,,,
2023-07-16,06:48:08,17:37:15,10:49:07,06:01:00,16:36:00,,,10:35:00,06:48:08,16:36:00,9:47:52,00:00:00,00:00:00,12:23:44,,,,
2023-07-17,06:47:53,17:37:41,10:49:48,06:50:00,17:31:00,,,10:41:00,06:50:00,17:31:00,10:41:00,00:00:00,00:00:00,13:10:12,,,,
2023-07-18,06:47:37,17:38:06,10:50:29,07:35:00,18:26:00,,,10:51:00,07:35:00,17:38:06,10:03:07,00:00:00,00:00:00,12:21:38,,,,
2023-07-19,06:47:20,17:38:32,10:51:12,08:14:00,19:20:00,,,11:06:00,08:14:00,17:38:32,9:24:33,00:00:00,00:00:00,11:27:21,,,,
2023-07-20,06:47:02,17:38:58,10:51:56,08:49:00,20:12:00,,,11:23:00,08:49:00,17:38:58,8:49:58,00:00:00,00:00:00,10:35:03,,,,
2023-07-21,06:46:43,17:39:24,10:52:41,09:21:00,,,,14:39:00,09:21:00,17:39:24,8:18:24,00:00:00,06:46:43,6:46:43,,,,
2023-07-22,06:46:22,17:39:50,10:53:28,09:52:00,21:53:00,,,12:01:00,09:52:00,17:39:50,7:47:50,00:00:00,00:00:00,8:53:23,,,,
2023-07-23,06:46:00,17:40:16,10:54:15,10:21:00,22:43:00,,,12:22:00,10:21:00,17:40:16,7:19:16,00:00:00,00:00:00,8:03:01,,,,
2023-07-24,06:45:37,17:40:42,10:55:04,10:51:00,23:34:00,,,12:43:00,10:51:00,17:40:42,6:49:42,00:00:00,00:00:00,7:11:38,,,,
2023-07-25,06:45:13,17:41:08,10:55:54,11:22:00,,,,12:38:00,11:22:00,17:41:08,6:19:08,00:00:00,06:45:13,6:45:14,,,,
2023-07-26,06:44:48,17:41:34,10:56:46,,00:28:00,11:57:00,,12:31:00,11:57:00,17:41:34,5:44:34,00:28:00,06:44:48,6:16:49,,,,
2023-07-27,06:44:22,17:41:59,10:57:38,,01:26:00,12:37:00,,12:49:00,12:37:00,17:41:59,5:05:00,01:26:00,06:44:22,5:18:22,,,,
2023-07-28,06:43:54,17:42:25,10:58:31,,02:28:00,13:24:00,,13:04:00,13:24:00,17:42:25,4:18:26,02:28:00,06:43:54,4:15:55,,,,
2023-07-29,06:43:25,17:42:51,10:59:26,,03:33:00,14:19:00,,13:14:00,14:19:00,17:42:51,3:23:52,03:33:00,06:43:25,3:10:26,,,,
2023-07-30,06:42:55,17:43:17,11:00:21,,04:39:00,15:22:00,,13:17:00,15:22:00,17:43:17,2:21:17,04:39:00,06:42:55,2:03:56,,,,
2023-07-31,06:42:25,17:43:42,11:01:18,,05:43:00,16:32:00,,13:11:00,16:32:00,17:43:42,1:11:43,05:43:00,06:42:25,0:59:25,,,,
2023-08-01,06:41:52,17:44:08,11:02:15,,06:41:00,17:44:00,,12:57:00,17:44:00,17:44:08,0:00:08,06:41:00,06:41:52,0:00:53,,,,
2023-08-02,06:41:19,17:44:33,11:03:14,,07:32:00,18:54:00,,12:38:00,06:41:19,07:32:00,0:50:40,17:44:33,18:54:00,1:09:27,,,,
2023-08-03,06:40:45,17:44:58,11:04:13,,08:16:00,20:02:00,,12:14:00,06:40:45,08:16:00,1:35:14,17:44:58,20:02:00,2:17:01,,,,
2023-08-04,06:40:10,17:45:23,11:05:13,,08:56:00,,,8:56:00,06:40:10,08:56:00,2:15:50,17:45:23,00:00:00,6:14:37,,,,
2023-08-05,06:39:34,17:45:48,11:06:14,,09:33:00,22:07:00,,11:26:00,06:39:34,09:33:00,2:53:26,17:45:48,22:07:00,4:21:12,,,,
2023-08-06,06:38:56,17:46:12,11:07:16,,10:09:00,23:07:00,,11:02:00,06:38:56,10:09:00,3:30:03,17:46:12,23:07:00,5:20:47,,,,
2023-08-07,06:38:18,17:46:37,11:08:19,,10:45:00,,,10:45:00,06:38:18,10:45:00,4:06:42,17:46:37,00:00:00,6:13:23,,,,
2023-08-08,06:37:39,17:47:01,11:09:23,00:06:00,11:24:00,,,11:18:00,06:37:39,11:24:00,4:46:21,00:00:00,00:00:00,6:18:58,,,,
2023-08-09,06:36:58,17:47:25,11:10:27,01:06:00,12:05:00,,,10:59:00,06:36:58,12:05:00,5:28:01,00:00:00,00:00:00,7:18:34,,,,
2023-08-10,06:36:17,17:47:49,11:11:32,02:05:00,12:50:00,,,10:45:00,06:36:17,12:50:00,6:13:42,00:00:00,00:00:00,8:17:10,,,,
2023-08-11,06:35:35,17:48:13,11:12:38,03:03:00,13:39:00,,,10:36:00,06:35:35,13:39:00,7:03:25,00:00:00,00:00:00,9:14:47,,,,
2023-08-12,06:34:52,17:48:36,11:13:45,03:57:00,14:31:00,,,10:34:00,06:34:52,14:31:00,7:56:08,00:00:00,00:00:00,10:08:23,,,,
2023-08-13,06:34:08,17:48:59,11:14:52,04:48:00,15:26:00,,,10:38:00,06:34:08,15:26:00,8:51:52,00:00:00,00:00:00,10:59:00,,,,
2023-08-14,06:33:23,17:49:22,11:16:00,05:34:00,16:21:00,,,10:47:00,06:33:23,16:21:00,9:47:37,00:00:00,00:00:00,11:44:37,,,,
2023-08-15,06:32:37,17:49:45,11:17:08,06:14:00,17:15:00,,,11:01:00,06:32:37,17:15:00,10:42:23,00:00:00,00:00:00,12:24:14,,,,
2023-08-16,06:31:50,17:50:08,11:18:18,06:51:00,18:08:00,,,11:17:00,06:51:00,17:50:08,10:59:08,00:00:00,00:00:00,12:23:51,,,,
2023-08-17,06:31:03,17:50:30,11:19:27,07:23:00,18:59:00,,,11:36:00,07:23:00,17:50:30,10:27:31,00:00:00,00:00:00,11:32:03,,,,
2023-08-18,06:30:14,17:50:52,11:20:38,07:54:00,19:49:00,,,11:55:00,07:54:00,17:50:52,9:56:53,00:00:00,00:00:00,10:41:15,,,,
2023-08-19,06:29:25,17:51:14,11:21:49,08:23:00,20:39:00,,,12:16:00,08:23:00,17:51:14,9:28:15,00:00:00,00:00:00,9:50:26,,,,
2023-08-20,06:28:36,17:51:36,11:23:00,08:53:00,,,,15:07:00,08:53:00,17:51:36,8:58:37,00:00:00,06:28:36,6:28:36,,,,
2023-08-21,06:27:45,17:51:58,11:24:13,09:23:00,22:22:00,,,12:59:00,09:23:00,17:51:58,8:28:58,00:00:00,00:00:00,8:05:46,,,,
2023-08-22,06:26:54,17:52:19,11:25:25,09:56:00,23:17:00,,,13:21:00,09:56:00,17:52:19,7:56:20,00:00:00,00:00:00,7:09:54,,,,
2023-08-23,06:26:02,17:52:40,11:26:38,10:33:00,,,,13:27:00,10:33:00,17:52:40,7:19:41,00:00:00,06:26:02,6:26:02,,,,
2023-08-24,06:25:09,17:53:01,11:27:52,,00:16:00,11:15:00,,13:01:00,11:15:00,17:53:01,6:38:02,00:16:00,06:25:09,6:09:10,,,,
2023-08-25,06:24:16,17:53:22,11:29:06,,01:17:00,12:05:00,,13:12:00,12:05:00,17:53:22,5:48:22,01:17:00,06:24:16,5:07:16,,,,
2023-08-26,06:23:22,17:53:42,11:30:20,,02:21:00,13:03:00,,13:18:00,13:03:00,17:53:42,4:50:43,02:21:00,06:23:22,4:02:22,,,,
2023-08-27,06:22:27,17:54:03,11:31:35,,03:25:00,14:08:00,,13:17:00,14:08:00,17:54:03,3:46:03,03:25:00,06:22:27,2:57:28,,,,
2023-08-28,06:21:32,17:54:23,11:32:51,,04:24:00,15:18:00,,13:06:00,15:18:00,17:54:23,2:36:24,04:24:00,06:21:32,1:57:33,,,,
2023-08-29,06:20:37,17:54:43,11:34:07,,05:18:00,16:29:00,,12:49:00,16:29:00,17:54:43,1:25:44,05:18:00,06:20:37,1:02:37,,,,
2023-08-30,06:19:40,17:55:03,11:35:23,,06:05:00,17:39:00,,12:26:00,17:39:00,17:55:03,0:16:04,06:05:00,06:19:40,0:14:41,,,,
2023-08-31,06:18:44,17:55:23,11:36:39,,06:47:00,18:45:00,,12:02:00,06:18:44,06:47:00,0:28:16,17:55:23,18:45:00,0:49:37,,,,
2023-09-01,06:17:47,17:55:43,11:37:56,,07:26:00,19:50:00,,11:36:00,06:17:47,07:26:00,1:08:13,17:55:43,19:50:00,1:54:17,,,,
2023-09-02,06:16:49,17:56:02,11:39:13,,08:04:00,20:52:00,,11:12:00,06:16:49,08:04:00,1:47:11,17:56:02,20:52:00,2:55:57,,,,
2023-09-03,06:15:51,17:56:21,11:40:31,,08:41:00,,,8:41:00,06:15:51,08:41:00,2:25:09,17:56:21,00:00:00,6:03:38,,,,
2023-09-04,06:14:52,17:56:41,11:41:49,,09:19:00,22:55:00,,10:24:00,06:14:52,09:19:00,3:04:07,17:56:41,22:55:00,4:58:19,,,,
2023-09-05,06:13:53,17:57:00,11:43:07,,10:00:00,23:56:00,,10:04:00,06:13:53,10:00:00,3:46:06,17:57:00,23:56:00,5:59:00,,,,
2023-09-06,06:12:54,17:57:19,11:44:25,,10:45:00,,,10:45:00,06:12:54,10:45:00,4:32:06,17:57:19,00:00:00,6:02:40,,,,
2023-09-07,06:11:54,17:57:38,11:45:44,00:56:00,11:34:00,,,10:38:00,06:11:54,11:34:00,5:22:05,00:00:00,00:00:00,6:58:21,,,,
2023-09-08,06:10:54,17:57:57,11:47:03,01:53:00,12:26:00,,,10:33:00,06:10:54,12:26:00,6:15:05,00:00:00,00:00:00,7:55:02,,,,
2023-09-09,06:09:54,17:58:16,11:48:22,02:45:00,13:21:00,,,10:36:00,06:09:54,13:21:00,7:11:05,00:00:00,00:00:00,8:46:43,,,,
2023-09-10,06:08:54,17:58:35,11:49:41,03:32:00,14:16:00,,,10:44:00,06:08:54,14:16:00,8:07:06,00:00:00,00:00:00,9:33:25,,,,
2023-09-11,06:07:53,17:58:54,11:51:01,04:14:00,15:10:00,,,10:56:00,06:07:53,15:10:00,9:02:07,00:00:00,00:00:00,10:15:06,,,,
2023-09-12,06:06:52,17:59:13,11:52:21,04:52:00,16:04:00,,,11:12:00,06:06:52,16:04:00,9:57:08,00:00:00,00:00:00,10:52:47,,,,
2023-09-13,06:05:51,17:59:32,11:53:41,05:26:00,16:55:00,,,11:29:00,06:05:51,16:55:00,10:49:09,00:00:00,00:00:00,11:26:28,,,,
2023-09-14,06:04:49,17:59:50,11:55:01,05:57:00,17:46:00,,,11:49:00,06:04:49,17:46:00,11:41:10,00:00:00,00:00:00,11:57:09,,,,
2023-09-15,06:03:48,18:00:09,11:56:22,06:26:00,18:36:00,,,12:10:00,06:26:00,18:00:09,11:34:10,00:00:00,00:00:00,11:27:48,,,,
2023-09-16,06:02:46,18:00:28,11:57:42,06:56:00,19:26:00,,,12:30:00,06:56:00,18:00:28,11:04:29,00:00:00,00:00:00,10:36:46,,,,
2023-09-17,06:01:44,18:00:47,11:59:03,07:26:00,20:18:00,,,12:52:00,07:26:00,18:00:47,10:34:48,00:00:00,00:00:00,9:43:45,,,,
2023-09-18,06:00:42,18:01:06,12:00:24,07:58:00,,,,16:02:00,07:58:00,18:01:06,10:03:07,00:00:00,06:00:42,6:00:43,,,,
2023-09-19,05:59:40,18:01:25,12:01:45,08:33:00,22:09:00,,,13:36:00,08:33:00,18:01:25,9:28:26,00:00:00,00:00:00,7:50:41,,,,
2023-09-20,05:58:39,18:01:45,12:03:06,09:13:00,23:09:00,,,13:56:00,09:13:00,18:01:45,8:48:45,00:00:00,00:00:00,6:49:39,,,,
2023-09-21,05:57:37,18:02:04,12:04:27,09:59:00,,,,14:01:00,09:59:00,18:02:04,8:03:05,00:00:00,05:57:37,5:57:37,,,,
2023-09-22,05:56:35,18:02:23,12:05:49,,00:11:00,10:53:00,,13:18:00,10:53:00,18:02:23,7:09:24,00:11:00,05:56:35,5:45:35,,,,
2023-09-23,05:55:33,18:02:43,12:07:10,,01:13:00,11:53:00,,13:20:00,11:53:00,18:02:43,6:09:44,01:13:00,05:55:33,4:42:33,,,,
2023-09-24,05:54:31,18:03:03,12:08:32,,02:12:00,12:59:00,,13:13:00,12:59:00,18:03:03,5:04:03,02:12:00,05:54:31,3:42:32,,,,
2023-09-25,05:53:30,18:03:23,12:09:53,,03:06:00,14:08:00,,12:58:00,14:08:00,18:03:23,3:55:23,03:06:00,05:53:30,2:47:30,,,,
2023-09-26,05:52:28,18:03:43,12:11:15,,03:55:00,15:16:00,,12:39:00,15:16:00,18:03:43,2:47:43,03:55:00,05:52:28,1:57:29,,,,
2023-09-27,05:51:27,18:04:03,12:12:37,,04:38:00,16:23:00,,12:15:00,16:23:00,18:04:03,1:41:04,04:38:00,05:51:27,1:13:27,,,,
2023-09-28,05:50:26,18:04:24,12:13:58,,05:18:00,17:28:00,,11:50:00,17:28:00,18:04:24,0:36:24,05:18:00,05:50:26,0:32:26,,,,
2023-09-29,05:49:25,18:04:45,12:15:20,,05:56:00,18:31:00,,11:25:00,05:49:25,05:56:00,0:06:35,18:04:45,18:31:00,0:26:15,,,,
2023-09-30,05:48:24,18:05:06,12:16:42,,06:33:00,19:35:00,,10:58:00,05:48:24,06:33:00,0:44:36,18:05:06,19:35:00,1:29:54,,,,
2023-10-01,05:47:23,18:05:27,12:18:03,,07:11:00,20:38:00,,10:33:00,05:47:23,07:11:00,1:23:36,18:05:27,20:38:00,2:32:33,,,,
2023-10-02,05:46:23,18:05:48,12:19:25,,07:52:00,,,7:52:00,05:46:23,07:52:00,2:05:36,18:05:48,00:00:00,5:54:11,,,,
2023-10-03,05:45:23,18:06:10,12:20:47,,08:37:00,22:43:00,,9:54:00,05:45:23,08:37:00,2:51:36,18:06:10,22:43:00,4:36:49,,,,
2023-10-04,05:44:24,18:06:32,12:22:08,,09:25:00,23:43:00,,9:42:00,05:44:24,09:25:00,3:40:36,18:06:32,23:43:00,5:36:27,,,,
2023-10-05,05:43:25,18:06:55,12:23:30,,10:17:00,,,10:17:00,05:43:25,10:17:00,4:33:35,18:06:55,00:00:00,5:53:05,,,,
2023-10-06,05:42:26,18:07:17,12:24:51,00:39:00,11:12:00,,,10:33:00,05:42:26,11:12:00,5:29:33,00:00:00,00:00:00,6:31:42,,,,
2023-10-07,05:41:28,18:07:40,12:26:13,01:29:00,12:08:00,,,10:39:00,05:41:28,12:08:00,6:26:32,00:00:00,00:00:00,7:21:19,,,,
2023-10-08,05:40:30,18:08:04,12:27:34,02:13:00,13:03:00,,,10:50:00,05:40:30,13:03:00,7:22:30,00:00:00,00:00:00,8:04:56,,,,
2023-10-09,05:39:32,18:08:28,12:28:55,02:52:00,13:57:00,,,11:05:00,05:39:32,13:57:00,8:17:27,00:00:00,00:00:00,8:43:32,,,,
2023-10-10,05:38:36,18:08:52,12:30:16,03:27:00,14:49:00,,,11:22:00,05:38:36,14:49:00,9:10:24,00:00:00,00:00:00,9:18:08,,,,
2023-10-11,05:37:39,18:09:16,12:31:37,03:59:00,15:40:00,,,11:41:00,05:37:39,15:40:00,10:02:20,00:00:00,00:00:00,9:49:43,,,,
2023-10-12,05:36:44,18:09:41,12:32:58,04:29:00,16:31:00,,,12:02:00,05:36:44,16:31:00,10:54:16,00:00:00,00:00:00,10:19:18,,,,
2023-10-13,05:35:48,18:10:07,12:34:18,04:58:00,17:21:00,,,12:23:00,05:35:48,17:21:00,11:45:11,00:00:00,00:00:00,10:47:53,,,,
2023-10-14,05:34:54,18:10:33,12:35:39,05:28:00,18:13:00,,,12:45:00,05:34:54,18:10:33,12:35:39,00:00:00,00:00:00,11:15:00,,,,
2023-10-15,05:34:00,18:10:59,12:36:59,05:59:00,19:07:00,,,13:08:00,05:59:00,18:10:59,12:11:59,00:00:00,00:00:00,10:27:00,,,,
2023-10-16,05:33:07,18:11:25,12:38:19,06:34:00,20:04:00,,,13:30:00,06:34:00,18:11:25,11:37:26,00:00:00,00:00:00,9:29:07,,,,
2023-10-17,05:32:14,18:11:53,12:39:38,07:12:00,,,,16:48:00,07:12:00,18:11:53,10:59:53,00:00:00,05:32:14,5:32:15,,,,
2023-10-18,05:31:22,18:12:20,12:40:58,07:57:00,22:05:00,,,14:08:00,07:57:00,18:12:20,10:15:21,00:00:00,00:00:00,7:26:23,,,,
2023-10-19,05:30:31,18:12:48,12:42:17,08:48:00,23:07:00,,,14:19:00,08:48:00,18:12:48,9:24:49,00:00:00,00:00:00,6:23:32,,,,
2023-10-20,05:29:41,18:13:17,12:43:36,09:46:00,,,,14:14:00,09:46:00,18:13:17,8:27:17,00:00:00,05:29:41,5:29:42,,,,
2023-10-21,05:28:52,18:13:46,12:44:54,,00:06:00,10:49:00,,13:17:00,10:49:00,18:13:46,7:24:46,00:06:00,05:28:52,5:22:52,,,,
2023-10-22,05:28:03,18:14:15,12:46:12,,01:01:00,11:55:00,,13:06:00,11:55:00,18:14:15,6:19:16,01:01:00,05:28:03,4:27:04,,,,
2023-10-23,05:27:15,18:14:45,12:47:30,,01:50:00,13:01:00,,12:49:00,13:01:00,18:14:45,5:13:46,01:50:00,05:27:15,3:37:16,,,,
2023-10-24,05:26:28,18:15:16,12:48:47,,02:33:00,14:06:00,,12:27:00,14:06:00,18:15:16,4:09:16,02:33:00,05:26:28,2:53:29,,,,
2023-10-25,05:25:43,18:15:47,12:50:04,,03:13:00,15:10:00,,12:03:00,15:10:00,18:15:47,3:05:47,03:13:00,05:25:43,2:12:43,,,,
2023-10-26,05:24:58,18:16:18,12:51:21,,03:50:00,16:12:00,,11:38:00,16:12:00,18:16:18,2:04:19,03:50:00,05:24:58,1:34:58,,,,
2023-10-27,05:24:14,18:16:50,12:52:37,,04:26:00,17:14:00,,11:12:00,17:14:00,18:16:50,1:02:51,04:26:00,05:24:14,0:58:14,,,,
2023-10-28,05:23:31,18:17:23,12:53:52,,05:04:00,18:17:00,,10:47:00,18:17:00,18:17:23,0:00:23,05:04:00,05:23:31,0:19:31,,,,
2023-10-29,05:22:49,18:17:56,12:55:07,,05:43:00,19:21:00,,10:22:00,05:22:49,05:43:00,0:20:11,18:17:56,19:21:00,1:03:04,,,,
2023-10-30,05:22:08,18:18:29,12:56:22,,06:26:00,20:25:00,,10:01:00,05:22:08,06:26:00,1:03:52,18:18:29,20:25:00,2:06:30,,,,
2023-10-31,05:21:28,18:19:03,12:57:36,,07:13:00,,,7:13:00,05:21:28,07:13:00,1:51:32,18:19:03,00:00:00,5:40:56,,,,
2023-11-01,05:20:49,18:19:38,12:58:49,,08:05:00,22:27:00,,9:38:00,05:20:49,08:05:00,2:44:10,18:19:38,22:27:00,4:07:21,,,,
2023-11-02,05:20:11,18:20:13,13:00:02,,09:00:00,23:20:00,,9:40:00,05:20:11,09:00:00,3:39:48,18:20:13,23:20:00,4:59:46,,,,
2023-11-03,05:19:35,18:20:49,13:01:14,,09:57:00,,,9:57:00,05:19:35,09:57:00,4:37:25,18:20:49,00:00:00,5:39:11,,,,
2023-11-04,05:19:00,18:21:25,13:02:25,00:08:00,10:54:00,,,10:46:00,05:19:00,10:54:00,5:35:00,00:00:00,00:00:00,5:46:35,,,,
2023-11-05,05:18:25,18:22:01,13:03:36,00:49:00,11:48:00,,,10:59:00,05:18:25,11:48:00,6:29:34,00:00:00,00:00:00,6:26:58,,,,
2023-11-06,05:17:53,18:22:38,13:04:46,01:26:00,12:41:00,,,11:15:00,05:17:53,12:41:00,7:23:07,00:00:00,00:00:00,7:03:21,,,,
2023-11-07,05:17:21,18:23:15,13:05:55,01:59:00,13:33:00,,,11:34:00,05:17:21,13:33:00,8:15:39,00:00:00,00:00:00,7:35:44,,,,
2023-11-08,05:16:50,18:23:53,13:07:03,02:29:00,14:23:00,,,11:54:00,05:16:50,14:23:00,9:06:09,00:00:00,00:00:00,8:05:06,,,,
2023-11-09,05:16:21,18:24:32,13:08:10,02:59:00,15:13:00,,,12:14:00,05:16:21,15:13:00,9:56:38,00:00:00,00:00:00,8:34:28,,,,
2023-11-10,05:15:53,18:25:10,13:09:17,03:28:00,16:05:00,,,12:37:00,05:15:53,16:05:00,10:49:06,00:00:00,00:00:00,9:02:49,,,,
2023-11-11,05:15:27,18:25:49,13:10:23,03:59:00,16:58:00,,,12:59:00,05:15:27,16:58:00,11:42:33,00:00:00,00:00:00,9:33:10,,,,
2023-11-12,05:15:02,18:26:29,13:11:27,04:32:00,17:55:00,,,13:23:00,05:15:02,17:55:00,12:39:58,00:00:00,00:00:00,10:05:31,,,,
2023-11-13,05:14:38,18:27:09,13:12:31,05:10:00,18:54:00,,,13:44:00,05:14:38,18:27:09,13:12:31,00:00:00,00:00:00,10:16:00,,,,
2023-11-14,05:14:15,18:27:49,13:13:34,05:53:00,19:57:00,,,14:04:00,05:53:00,18:27:49,12:34:49,00:00:00,00:00:00,9:17:16,,,,
2023-11-15,05:13:54,18:28:29,13:14:35,,,,,0:00:00,,,0:00:00,00:00:00,00:00:00,10:45:25,,,,
2023-11-16,05:13:34,18:29:10,13:15:36,07:40:00,,,,16:20:00,07:40:00,18:29:10,10:49:11,00:00:00,05:13:34,5:13:35,,,,
2023-11-17,05:13:16,18:29:51,13:16:35,08:43:00,22:57:00,,,14:14:00,08:43:00,18:29:51,9:46:52,00:00:00,00:00:00,6:16:16,,,,
2023-11-18,05:12:59,18:30:33,13:17:34,09:48:00,23:48:00,,,14:00:00,09:48:00,18:30:33,8:42:33,00:00:00,00:00:00,5:24:59,,,,
2023-11-19,05:12:43,18:31:14,13:18:31,10:54:00,,,,13:06:00,10:54:00,18:31:14,7:37:15,00:00:00,05:12:43,5:12:44,,,,
2023-11-20,05:12:29,18:31:56,13:19:27,,00:32:00,11:58:00,,12:34:00,11:58:00,18:31:56,6:33:57,00:32:00,05:12:29,4:40:30,,,,
2023-11-21,05:12:17,18:32:38,13:20:21,,01:12:00,13:00:00,,12:12:00,13:00:00,18:32:38,5:32:38,01:12:00,05:12:17,4:00:17,,,,
2023-11-22,05:12:06,18:33:20,13:21:15,,01:49:00,14:01:00,,11:48:00,14:01:00,18:33:20,4:32:21,01:49:00,05:12:06,3:23:06,,,,
2023-11-23,05:11:56,18:34:02,13:22:06,,02:24:00,15:01:00,,11:23:00,15:01:00,18:34:02,3:33:03,02:24:00,05:11:56,2:47:56,,,,
2023-11-24,05:11:48,18:34:45,13:22:57,,03:00:00,16:02:00,,10:58:00,16:02:00,18:34:45,2:32:45,03:00:00,05:11:48,2:11:48,,,,
2023-11-25,05:11:41,18:35:27,13:23:46,,03:37:00,17:04:00,,10:33:00,17:04:00,18:35:27,1:31:27,03:37:00,05:11:41,1:34:41,,,,
2023-11-26,05:11:35,18:36:09,13:24:34,,04:17:00,18:07:00,,10:10:00,18:07:00,18:36:09,0:29:10,04:17:00,05:11:35,0:54:36,,,,
2023-11-27,05:11:32,18:36:52,13:25:20,,05:02:00,19:10:00,,9:52:00,,,0:00:00,05:02:00,19:10:00,0:42:40,,,,
2023-11-28,05:11:29,18:37:34,13:26:05,,05:52:00,20:11:00,,9:41:00,05:11:29,05:52:00,0:40:30,18:37:34,20:11:00,1:33:26,,,,
2023-11-29,05:11:28,18:38:16,13:26:48,,06:47:00,,,6:47:00,05:11:28,06:47:00,1:35:31,18:38:16,00:00:00,5:21:43,,,,
2023-11-30,05:11:29,18:38:58,13:27:30,,07:44:00,21:59:00,,9:45:00,05:11:29,07:44:00,2:32:31,18:38:58,21:59:00,3:20:01,,,,
2023-12-01,05:11:31,18:39:40,13:28:09,,08:41:00,22:44:00,,9:57:00,05:11:31,08:41:00,3:29:29,18:39:40,22:44:00,4:04:19,,,,
2023-12-02,05:11:34,18:40:22,13:28:48,,09:38:00,23:22:00,,10:16:00,05:11:34,09:38:00,4:26:25,18:40:22,23:22:00,4:41:38,,,,
2023-12-03,05:11:39,18:41:03,13:29:24,,10:32:00,23:57:00,,10:35:00,05:11:39,10:32:00,5:20:20,18:41:03,23:57:00,5:15:56,,,,
2023-12-04,05:11:45,18:41:45,13:29:59,,11:24:00,,,11:24:00,05:11:45,11:24:00,6:12:14,18:41:45,00:00:00,5:18:15,,,,
2023-12-05,05:11:53,18:42:26,13:30:32,00:28:00,12:14:00,,,11:46:00,05:11:53,12:14:00,7:02:06,00:00:00,00:00:00,5:45:34,,,,
2023-12-06,05:12:03,18:43:06,13:31:04,00:58:00,13:04:00,,,12:06:00,05:12:03,13:04:00,7:51:57,00:00:00,00:00:00,6:14:53,,,,
2023-12-07,05:12:13,18:43:46,13:31:33,01:27:00,13:54:00,,,12:27:00,05:12:13,13:54:00,8:41:46,00:00:00,00:00:00,6:43:13,,,,
2023-12-08,05:12:25,18:44:26,13:32:01,01:57:00,14:46:00,,,12:49:00,05:12:25,14:46:00,9:33:34,00:00:00,00:00:00,7:12:34,,,,
2023-12-09,05:12:39,18:45:05,13:32:27,02:29:00,15:41:00,,,13:12:00,05:12:39,15:41:00,10:28:21,00:00:00,00:00:00,7:43:54,,,,
2023-12-10,05:12:53,18:45:44,13:32:50,03:04:00,16:39:00,,,13:35:00,05:12:53,16:39:00,11:26:06,00:00:00,00:00:00,8:18:16,,,,
2023-12-11,05:13:10,18:46:22,13:33:12,03:45:00,17:41:00,,,13:56:00,05:13:10,17:41:00,12:27:50,00:00:00,00:00:00,8:58:37,,,,
2023-12-12,05:13:27,18:47:00,13:33:33,04:33:00,18:46:00,,,14:13:00,05:13:27,18:46:00,13:32:32,00:00:00,00:00:00,9:46:00,,,,
2023-12-13,05:13:46,18:47:37,13:33:51,05:28:00,19:49:00,,,14:21:00,05:28:00,18:47:37,13:19:37,00:00:00,00:00:00,9:24:46,,,,
2023-12-14,05:14:06,18:48:13,13:34:07,06:31:00,20:50:00,,,14:19:00,06:31:00,18:48:13,12:17:13,00:00:00,00:00:00,8:24:06,,,,
2023-12-15,05:14:27,18:48:48,13:34:21,07:38:00,,,,16:22:00,07:38:00,18:48:48,11:10:49,00:00:00,05:14:27,5:14:28,,,,
2023-12-16,05:14:50,18:49:23,13:34:33,08:45:00,22:31:00,,,13:46:00,08:45:00,18:49:23,10:04:24,00:00:00,00:00:00,6:43:50,,,,
2023-12-17,05:15:14,18:49:57,13:34:44,09:51:00,23:12:00,,,13:21:00,09:51:00,18:49:57,8:58:58,00:00:00,00:00:00,6:03:14,,,,
2023-12-18,05:15:39,18:50:30,13:34:52,10:55:00,23:50:00,,,12:55:00,10:55:00,18:50:30,7:55:31,00:00:00,00:00:00,5:25:39,,,,
2023-12-19,05:16:05,18:51:03,13:34:58,11:55:00,,,,12:05:00,11:55:00,18:51:03,6:56:03,00:00:00,05:16:05,5:16:05,,,,
2023-12-20,05:16:32,18:51:34,13:35:02,,00:25:00,12:55:00,,11:30:00,12:55:00,18:51:34,5:56:34,00:25:00,05:16:32,4:51:32,,,,
2023-12-21,05:17:00,18:52:04,13:35:04,,01:00:00,13:54:00,,11:06:00,13:54:00,18:52:04,4:58:05,01:00:00,05:17:00,4:17:01,,,,
2023-12-22,05:17:30,18:52:34,13:35:04,,01:36:00,14:54:00,,10:42:00,14:54:00,18:52:34,3:58:34,01:36:00,05:17:30,3:41:30,,,,
2023-12-23,05:18:00,18:53:02,13:35:02,,02:14:00,15:55:00,,10:19:00,15:55:00,18:53:02,2:58:03,02:14:00,05:18:00,3:04:01,,,,
2023-12-24,05:18:32,18:53:30,13:34:58,,02:57:00,16:57:00,,10:00:00,16:57:00,18:53:30,1:56:30,02:57:00,05:18:32,2:21:32,,,,
2023-12-25,05:19:04,18:53:56,13:34:52,,03:44:00,17:59:00,,9:45:00,17:59:00,18:53:56,0:54:57,03:44:00,05:19:04,1:35:05,,,,
2023-12-26,05:19:38,18:54:22,13:34:44,,04:36:00,18:57:00,,9:39:00,,,0:00:00,04:36:00,18:57:00,0:46:16,,,,
2023-12-27,05:20:12,18:54:46,13:34:34,,05:31:00,19:50:00,,9:41:00,05:20:12,05:31:00,0:10:48,18:54:46,19:50:00,0:55:14,,,,
2023-12-28,05:20:47,18:55:09,13:34:22,,06:29:00,20:37:00,,9:52:00,05:20:47,06:29:00,1:08:12,18:55:09,20:37:00,1:41:51,,,,
2023-12-29,05:21:23,18:55:31,13:34:08,,07:26:00,,,7:26:00,05:21:23,07:26:00,2:04:37,18:55:31,00:00:00,5:04:29,,,,
2023-12-30,05:22:00,18:55:51,13:33:51,,08:22:00,21:55:00,,10:27:00,05:22:00,08:22:00,3:00:00,18:55:51,21:55:00,2:59:08,,,,
2023-12-31,05:22:37,18:56:11,13:33:33,,09:15:00,22:27:00,,10:48:00,05:22:37,09:15:00,3:52:22,18:56:11,22:27:00,3:30:49,,,,
Year Total,,,4415:20:34,,,,,4310:09:00,,,2145:16:26,,,2179:46:52,184,180,89,91
