Date,Sun-Rise-Time,Sun-Set-Time,Total-Sun-Time,Moon-Rise-1-Time,Moon-Set-1-Time,Moon-Rise-2-Time,Moon-Set-2-Time,Total-Moon-Time,Moon-Phase-Angle,Overlap-Sun-Moon-Start-Time,Overlap-Sun-Moon-End-Time,Total-Overlap-Time,Visible-Overlap-Sun-Moon-Start-Time,Visible-Overlap-Sun-Moon-End-Time,Total-Visible-Overlap-Time,No-Moon-No-Sun-Start-Time,No-Moon-No-Sun-End-Time,Total-No-Moon-No-Sun-Time,Total-Sun-Days,Total-Moon-Days,Total-Overlap-Days,Total-Visible-Overlap-Days,Total-No-Sun-No-Moon-Days
2010-01-01,07:20:22,16:39:06,9:18:44,,08:03:00,17:57:00,,14:06:00,188.43,07:20:22,08:03:00,0:42:38,07:20:22,08:03:00,0:42:38,16:39:06,17:57:00,1:17:53,,,,,
2010-01-02,07:20:27,16:39:57,9:19:30,,08:44:00,,,8:44:00,202.43,07:20:27,08:44:00,1:23:32,07:20:27,08:44:00,1:23:32,16:39:57,00:00:00,7:20:02,,,,,
2010-01-03,07:20:31,16:40:50,9:20:20,,09:18:00,20:33:00,,12:45:00,216.43,07:20:31,09:18:00,1:57:29,07:20:31,09:18:00,1:57:29,16:40:50,20:33:00,3:52:09,,,,,
2010-01-04,07:20:32,16:41:44,9:21:13,,09:47:00,21:48:00,,11:59:00,230.43,07:20:32,09:47:00,2:26:28,07:20:32,09:47:00,2:26:28,16:41:44,21:48:00,5:06:15,,,,,
2010-01-05,07:20:30,16:42:40,9:22:10,,10:14:00,22:59:00,,11:15:00,244.43,07:20:30,10:14:00,2:53:29,07:20:30,10:14:00,2:53:29,16:42:40,22:59:00,6:16:19,,,,,
2010-01-06,07:20:27,16:43:37,9:23:11,,10:40:00,,,10:40:00,257.43,07:20:27,10:40:00,3:19:33,07:20:27,10:40:00,3:19:33,16:43:37,00:00:00,7:16:22,,,,,
2010-01-07,07:20:21,16:44:36,9:24:15,00:09:00,11:08:00,,,10:59:00,270.43,07:20:21,11:08:00,3:47:39,,,0:00:00,00:00:00,00:00:00,7:24:24,,,,,
2010-01-08,07:20:13,16:45:35,9:25:23,01:18:00,11:37:00,,,10:19:00,282.43,07:20:13,11:37:00,4:16:47,,,0:00:00,00:00:00,00:00:00,8:32:24,,,,,
2010-01-09,07:20:02,16:46:36,9:26:34,02:25:00,12:11:00,,,9:46:00,294.43,07:20:02,12:11:00,4:50:57,,,0:00:00,00:00:00,00:00:00,9:38:23,,,,,
2010-01-10,07:19:50,16:47:38,9:27:48,03:30:00,12:50:00,,,9:20:00,306.43,07:19:50,12:50:00,5:30:10,,,0:00:00,00:00:00,00:00:00,10:42:21,,,,,
2010-01-11,07:19:35,16:48:41,9:29:06,04:32:00,13:36:00,,,9:04:00,318.43,07:19:35,13:36:00,6:16:24,,,0:00:00,00:00:00,00:00:00,11:43:18,,,,,
2010-01-12,07:19:18,16:49:46,9:30:28,05:27:00,14:28:00,,,9:01:00,329.43,07:19:18,14:28:00,7:08:42,,,0:00:00,00:00:00,00:00:00,12:37:14,,,,,
2010-01-13,07:18:59,16:50:51,9:31:52,06:14:00,15:24:00,,,9:10:00,340.43,07:18:59,15:24:00,8:05:01,,,0:00:00,00:00:00,00:00:00,13:23:09,,,,,
2010-01-14,07:18:37,16:51:57,9:33:20,06:55:00,16:24:00,,,9:29:00,351.43,07:18:37,16:24:00,9:05:22,,,0:00:00,00:00:00,00:00:00,14:03:03,,,,,
2010-01-15,07:18:14,16:53:04,9:34:50,07:29:00,17:25:00,,,9:56:00,2.43,07:29:00,16:53:04,9:24:04,,,0:00:00,00:00:00,00:00:00,13:53:14,,,,,
2010-01-16,07:17:48,16:54:12,9:36:24,07:58:00,18:26:00,,,10:28:00,13.43,07:58:00,16:54:12,8:56:12,,,0:00:00,00:00:00,00:00:00,12:51:48,,,,,
2010-01-17,07:17:20,16:55:20,9:38:01,08:23:00,,,,15:37:00,24.43,08:23:00,16:55:20,8:32:21,,,0:00:00,00:00:00,07:17:20,7:17:20,,,,,
2010-01-18,07:16:50,16:56:30,9:39:40,08:46:00,20:25:00,,,11:39:00,35.43,08:46:00,16:56:30,8:10:30,,,0:00:00,00:00:00,00:00:00,10:51:50,,,,,
2010-01-19,07:16:17,16:57:40,9:41:22,09:08:00,21:24:00,,,12:16:00,45.43,09:08:00,16:57:40,7:49:40,,,0:00:00,00:00:00,00:00:00,9:52:18,,,,,
2010-01-20,07:15:43,16:58:50,9:43:07,09:29:00,22:24:00,,,12:55:00,56.43,09:29:00,16:58:50,7:29:51,,,0:00:00,00:00:00,00:00:00,8:51:44,,,,,
2010-01-21,07:15:07,17:00:01,9:44:54,09:52:00,23:26:00,,,13:34:00,67.43,09:52:00,17:00:01,7:08:02,,,0:00:00,00:00:00,00:00:00,7:49:07,,,,,
2010-01-22,07:14:28,17:01:13,9:46:45,10:17:00,,,,13:43:00,78.43,10:17:00,17:01:13,6:44:13,,,0:00:00,00:00:00,07:14:28,7:14:29,,,,,
2010-01-23,07:13:48,17:02:25,9:48:37,,00:30:00,10:47:00,,13:43:00,90.43,10:47:00,17:02:25,6:15:25,10:47:00,17:02:25,6:15:25,00:30:00,07:13:48,6:43:48,,,,,
2010-01-24,07:13:05,17:03:37,9:50:32,,01:37:00,11:22:00,,14:15:00,102.43,11:22:00,17:03:37,5:41:38,11:22:00,17:03:37,5:41:38,01:37:00,07:13:05,5:36:06,,,,,
2010-01-25,07:12:21,17:04:50,9:52:29,,02:45:00,12:07:00,,14:38:00,114.43,12:07:00,17:04:50,4:57:51,12:07:00,17:04:50,4:57:51,02:45:00,07:12:21,4:27:22,,,,,
2010-01-26,07:11:35,17:06:03,9:54:29,,03:52:00,13:02:00,,14:50:00,127.43,13:02:00,17:06:03,4:04:04,13:02:00,17:06:03,4:04:04,03:52:00,07:11:35,3:19:35,,,,,
2010-01-27,07:10:47,17:07:17,9:56:30,,04:54:00,14:08:00,,14:46:00,140.43,14:08:00,17:07:17,2:59:17,14:08:00,17:07:17,2:59:17,04:54:00,07:10:47,2:16:47,,,,,
2010-01-28,07:09:57,17:08:30,9:58:34,,05:49:00,15:24:00,,14:25:00,154.43,15:24:00,17:08:30,1:44:31,15:24:00,17:08:30,1:44:31,05:49:00,07:09:57,1:20:57,,,,,
2010-01-29,07:09:05,17:09:44,10:00:40,,06:34:00,16:44:00,,13:50:00,168.43,16:44:00,17:09:44,0:25:45,16:44:00,17:09:44,0:25:45,06:34:00,07:09:05,0:35:05,,,,,
2010-01-30,07:08:11,17:10:58,10:02:47,,07:12:00,18:04:00,,13:08:00,182.43,07:08:11,07:12:00,0:03:48,07:08:11,07:12:00,0:03:48,17:10:58,18:04:00,0:53:01,,,,,
2010-01-31,07:07:16,17:12:12,10:04:57,,07:44:00,,,7:44:00,196.43,07:07:16,07:44:00,0:36:44,07:07:16,07:44:00,0:36:44,17:12:12,00:00:00,6:47:47,,,,,
2010-02-01,07:06:18,17:13:27,10:07:08,,08:13:00,20:39:00,,11:34:00,210.43,07:06:18,08:13:00,1:06:41,07:06:18,08:13:00,1:06:41,17:13:27,20:39:00,3:25:33,,,,,
2010-02-02,07:05:20,17:14:41,10:09:21,,08:41:00,21:52:00,,10:49:00,224.43,07:05:20,08:41:00,1:35:40,07:05:20,08:41:00,1:35:40,17:14:41,21:52:00,4:37:19,,,,,
2010-02-03,07:04:19,17:15:55,10:11:36,,09:09:00,23:04:00,,10:05:00,237.43,07:04:19,09:09:00,2:04:41,07:04:19,09:09:00,2:04:41,17:15:55,23:04:00,5:48:05,,,,,
2010-02-04,07:03:17,17:17:09,10:13:52,,09:39:00,,,9:39:00,251.43,07:03:17,09:39:00,2:35:43,07:03:17,09:39:00,2:35:43,17:17:09,00:00:00,6:42:50,,,,,
2010-02-05,07:02:13,17:18:23,10:16:10,00:14:00,10:12:00,,,9:58:00,263.43,07:02:13,10:12:00,3:09:46,07:02:13,10:12:00,3:09:46,00:00:00,00:00:00,6:55:36,,,,,
2010-02-06,07:01:08,17:19:37,10:18:30,01:22:00,10:50:00,,,9:28:00,275.43,07:01:08,10:50:00,3:48:52,,,0:00:00,00:00:00,00:00:00,8:02:22,,,,,
2010-02-07,07:00:01,17:20:51,10:20:51,02:25:00,11:34:00,,,9:09:00,287.43,07:00:01,11:34:00,4:33:59,,,0:00:00,00:00:00,00:00:00,9:04:08,,,,,
2010-02-08,06:58:52,17:22:05,10:23:13,03:22:00,12:23:00,,,9:01:00,299.43,06:58:52,12:23:00,5:24:07,,,0:00:00,00:00:00,00:00:00,9:59:54,,,,,
2010-02-09,06:57:43,17:23:19,10:25:36,04:12:00,13:19:00,,,9:07:00,310.43,06:57:43,13:19:00,6:21:17,,,0:00:00,00:00:00,00:00:00,10:48:40,,,,,
2010-02-10,06:56:31,17:24:33,10:28:01,04:55:00,14:17:00,,,9:22:00,321.43,06:56:31,14:17:00,7:20:28,,,0:00:00,00:00:00,00:00:00,11:30:27,,,,,
2010-02-11,06:55:19,17:25:46,10:30:27,05:31:00,15:18:00,,,9:47:00,332.43,06:55:19,15:18:00,8:22:41,,,0:00:00,00:00:00,00:00:00,12:05:14,,,,,
2010-02-12,06:54:05,17:26:59,10:32:54,06:01:00,16:18:00,,,10:17:00,343.43,06:54:05,16:18:00,9:23:55,,,0:00:00,00:00:00,00:00:00,12:34:00,,,,,
2010-02-13,06:52:49,17:28:12,10:35:23,06:28:00,17:19:00,,,10:51:00,353.43,06:52:49,17:19:00,10:26:10,,,0:00:00,00:00:00,00:00:00,12:59:47,,,,,
2010-02-14,06:51:33,17:29:25,10:37:52,06:51:00,18:18:00,,,11:27:00,4.43,06:51:33,17:29:25,10:37:52,,,0:00:00,00:00:00,00:00:00,12:33:00,,,,,
2010-02-15,06:50:15,17:30:37,10:40:22,07:14:00,,,,16:46:00,15.43,07:14:00,17:30:37,10:16:38,,,0:00:00,00:00:00,06:50:15,6:50:16,,,,,
2010-02-16,06:48:56,17:31:49,10:42:53,07:35:00,20:17:00,,,12:42:00,26.43,07:35:00,17:31:49,9:56:50,,,0:00:00,00:00:00,00:00:00,10:31:57,,,,,
2010-02-17,06:47:36,17:33:01,10:45:25,07:58:00,21:18:00,,,13:20:00,37.43,07:58:00,17:33:01,9:35:02,,,0:00:00,00:00:00,00:00:00,9:29:36,,,,,
2010-02-18,06:46:15,17:34:13,10:47:58,08:22:00,22:21:00,,,13:59:00,48.43,08:22:00,17:34:13,9:12:14,,,0:00:00,00:00:00,00:00:00,8:25:15,,,,,
2010-02-19,06:44:52,17:35:24,10:50:32,08:49:00,23:26:00,,,14:37:00,59.43,08:49:00,17:35:24,8:46:25,,,0:00:00,00:00:00,00:00:00,7:18:53,,,,,
2010-02-20,06:43:29,17:36:35,10:53:07,09:22:00,,,,14:38:00,71.43,09:22:00,17:36:35,8:14:36,,,0:00:00,00:00:00,06:43:29,6:43:29,,,,,
2010-02-21,06:42:04,17:37:46,10:55:42,,00:32:00,10:01:00,,14:31:00,83.43,10:01:00,17:37:46,7:36:47,,,0:00:00,00:32:00,06:42:04,6:10:05,,,,,
2010-02-22,06:40:39,17:38:57,10:58:18,,01:37:00,10:50:00,,14:47:00,95.43,10:50:00,17:38:57,6:48:57,10:50:00,17:38:57,6:48:57,01:37:00,06:40:39,5:03:39,,,,,
2010-02-23,06:39:12,17:40:07,11:00:54,,02:39:00,11:49:00,,14:50:00,108.43,11:49:00,17:40:07,5:51:07,11:49:00,17:40:07,5:51:07,02:39:00,06:39:12,4:00:13,,,,,
2010-02-24,06:37:45,17:41:17,11:03:32,,03:35:00,12:58:00,,14:37:00,121.43,12:58:00,17:41:17,4:43:17,12:58:00,17:41:17,4:43:17,03:35:00,06:37:45,3:02:46,,,,,
2010-02-25,06:36:17,17:42:26,11:06:09,,04:23:00,14:14:00,,14:09:00,134.43,14:14:00,17:42:26,3:28:27,14:14:00,17:42:26,3:28:27,04:23:00,06:36:17,2:13:17,,,,,
2010-02-26,06:34:48,17:43:35,11:08:48,,05:04:00,15:32:00,,13:32:00,148.43,15:32:00,17:43:35,2:11:36,15:32:00,17:43:35,2:11:36,05:04:00,06:34:48,1:30:48,,,,,
2010-02-27,06:33:18,17:44:44,11:11:26,,05:38:00,16:51:00,,12:47:00,162.43,16:51:00,17:44:44,0:53:45,16:51:00,17:44:44,0:53:45,05:38:00,06:33:18,0:55:19,,,,,
2010-02-28,06:31:47,17:45:53,11:14:06,,06:09:00,18:09:00,,12:00:00,176.43,,,0:00:00,,,0:00:00,06:09:00,18:09:00,0:45:54,,,,,
2010-03-01,06:30:16,17:47:01,11:16:45,,06:38:00,,,6:38:00,190.43,06:30:16,06:38:00,0:07:44,06:30:16,06:38:00,0:07:44,17:47:01,00:00:00,6:12:58,,,,,
2010-03-02,06:28:44,17:48:09,11:19:25,,07:07:00,20:41:00,,10:26:00,204.43,06:28:44,07:07:00,0:38:16,06:28:44,07:07:00,0:38:16,17:48:09,20:41:00,2:52:50,,,,,
2010-03-03,06:27:11,17:49:17,11:22:06,,07:37:00,21:54:00,,9:43:00,218.43,06:27:11,07:37:00,1:09:48,06:27:11,07:37:00,1:09:48,17:49:17,21:54:00,4:04:42,,,,,
2010-03-04,06:25:38,17:50:25,11:24:47,,08:10:00,23:05:00,,9:05:00,231.43,06:25:38,08:10:00,1:44:22,06:25:38,08:10:00,1:44:22,17:50:25,23:05:00,5:14:35,,,,,
2010-03-05,06:24:04,17:51:32,11:27:28,,08:47:00,,,8:47:00,244.43,06:24:04,08:47:00,2:22:56,06:24:04,08:47:00,2:22:56,17:51:32,00:00:00,6:08:28,,,,,
2010-03-06,06:22:29,17:52:39,11:30:09,00:13:00,09:30:00,,,9:17:00,256.43,06:22:29,09:30:00,3:07:30,06:22:29,09:30:00,3:07:30,00:00:00,00:00:00,6:20:21,,,,,
2010-03-07,06:20:54,17:53:45,11:32:51,01:14:00,10:18:00,,,9:04:00,268.43,06:20:54,10:18:00,3:57:06,06:20:54,10:18:00,3:57:06,00:00:00,00:00:00,7:20:14,,,,,
2010-03-08,06:19:18,17:54:52,11:35:33,02:07:00,11:12:00,,,9:05:00,280.43,06:19:18,11:12:00,4:52:41,,,0:00:00,00:00:00,00:00:00,8:12:08,,,,,
2010-03-09,06:17:42,17:55:58,11:38:15,02:53:00,12:10:00,,,9:17:00,291.43,06:17:42,12:10:00,5:52:17,,,0:00:00,00:00:00,00:00:00,8:57:02,,,,,
2010-03-10,06:16:06,17:57:04,11:40:58,03:31:00,13:10:00,,,9:39:00,302.43,06:16:06,13:10:00,6:53:54,,,0:00:00,00:00:00,00:00:00,9:33:56,,,,,
2010-03-11,06:14:29,17:58:09,11:43:40,04:03:00,14:11:00,,,10:08:00,312.43,06:14:29,14:11:00,7:56:31,,,0:00:00,00:00:00,00:00:00,10:04:50,,,,,
2010-03-12,06:12:51,17:59:15,11:46:23,04:31:00,15:11:00,,,10:40:00,323.43,06:12:51,15:11:00,8:58:08,,,0:00:00,00:00:00,00:00:00,10:31:45,,,,,
2010-03-13,06:11:14,18:00:20,11:49:06,04:56:00,16:11:00,,,11:15:00,334.43,06:11:14,16:11:00,9:59:46,,,0:00:00,00:00:00,00:00:00,10:55:40,,,,,
2010-03-14,07:09:36,19:01:25,11:51:49,06:19:00,18:10:00,,,11:51:00,345.43,07:09:36,18:10:00,11:00:24,,,0:00:00,00:00:00,00:00:00,11:17:35,,,,,
2010-03-15,07:07:57,19:02:29,11:54:32,06:41:00,19:10:00,,,12:29:00,356.43,07:07:57,19:02:29,11:54:32,,,0:00:00,00:00:00,00:00:00,11:31:00,,,,,
2010-03-16,07:06:19,19:03:34,11:57:15,07:03:00,,,,16:57:00,7.43,07:06:19,19:03:34,11:57:15,,,0:00:00,00:00:00,07:03:00,7:03:00,,,,,
2010-03-17,07:04:40,19:04:38,11:59:58,07:27:00,21:13:00,,,13:46:00,18.43,07:27:00,19:04:38,11:37:39,,,0:00:00,00:00:00,00:00:00,9:51:41,,,,,
2010-03-18,07:03:01,19:05:43,12:02:41,07:54:00,22:18:00,,,14:24:00,29.43,07:54:00,19:05:43,11:11:43,,,0:00:00,00:00:00,00:00:00,8:45:02,,,,,
2010-03-19,07:01:22,19:06:47,12:05:25,08:25:00,23:23:00,,,14:58:00,41.43,08:25:00,19:06:47,10:41:47,,,0:00:00,00:00:00,00:00:00,7:38:22,,,,,
2010-03-20,06:59:43,19:07:51,12:08:08,09:02:00,,,,14:58:00,53.43,09:02:00,19:07:51,10:05:51,,,0:00:00,00:00:00,06:59:43,6:59:43,,,,,
2010-03-21,06:58:03,19:08:54,12:10:51,,00:29:00,09:47:00,,14:42:00,65.43,09:47:00,19:08:54,9:21:55,,,0:00:00,00:29:00,06:58:03,6:29:04,,,,,
2010-03-22,06:56:24,19:09:58,12:13:34,,01:31:00,10:42:00,,14:49:00,77.43,10:42:00,19:09:58,8:27:58,,,0:00:00,01:31:00,06:56:24,5:25:24,,,,,
2010-03-23,06:54:45,19:11:01,12:16:17,,02:27:00,11:45:00,,14:42:00,90.43,11:45:00,19:11:01,7:26:02,11:45:00,19:11:01,7:26:02,02:27:00,06:54:45,4:27:45,,,,,
2010-03-24,06:53:05,19:12:05,12:19:00,,03:16:00,12:55:00,,14:21:00,103.43,12:55:00,19:12:05,6:17:05,12:55:00,19:12:05,6:17:05,03:16:00,06:53:05,3:37:06,,,,,
2010-03-25,06:51:26,19:13:08,12:21:43,,03:58:00,14:10:00,,13:48:00,116.43,14:10:00,19:13:08,5:03:09,14:10:00,19:13:08,5:03:09,03:58:00,06:51:26,2:53:26,,,,,
2010-03-26,06:49:46,19:14:11,12:24:25,,04:34:00,15:26:00,,13:08:00,129.43,15:26:00,19:14:11,3:48:12,15:26:00,19:14:11,3:48:12,04:34:00,06:49:46,2:15:47,,,,,
2010-03-27,06:48:07,19:15:15,12:27:08,,05:06:00,16:42:00,,12:24:00,143.43,16:42:00,19:15:15,2:33:15,16:42:00,19:15:15,2:33:15,05:06:00,06:48:07,1:42:07,,,,,
2010-03-28,06:46:28,19:16:18,12:29:50,,05:35:00,17:58:00,,11:37:00,157.43,17:58:00,19:16:18,1:18:18,17:58:00,19:16:18,1:18:18,05:35:00,06:46:28,1:11:28,,,,,
2010-03-29,06:44:49,19:17:21,12:32:32,,06:04:00,19:13:00,,10:51:00,170.43,19:13:00,19:17:21,0:04:21,19:13:00,19:17:21,0:04:21,06:04:00,06:44:49,0:40:49,,,,,
2010-03-30,06:43:10,19:18:24,12:35:14,,06:33:00,,,6:33:00,184.43,,,0:00:00,,,0:00:00,06:33:00,00:00:00,4:51:46,,,,,
2010-03-31,06:41:31,19:19:27,12:37:55,,07:05:00,21:42:00,,9:23:00,198.43,06:41:31,07:05:00,0:23:28,06:41:31,07:05:00,0:23:28,19:19:27,21:42:00,2:22:33,,,,,
2010-04-01,06:39:53,19:20:29,12:40:37,,07:41:00,22:53:00,,8:48:00,211.43,06:39:53,07:41:00,1:01:07,06:39:53,07:41:00,1:01:07,19:20:29,22:53:00,3:32:30,,,,,
2010-04-02,06:38:14,19:21:32,12:43:18,,08:22:00,23:58:00,,8:24:00,224.43,06:38:14,08:22:00,1:43:45,06:38:14,08:22:00,1:43:45,19:21:32,23:58:00,4:36:27,,,,,
2010-04-03,06:36:37,19:22:35,12:45:58,,09:10:00,,,9:10:00,236.43,06:36:37,09:10:00,2:33:23,06:36:37,09:10:00,2:33:23,19:22:35,00:00:00,4:37:24,,,,,
2010-04-04,06:34:59,19:23:38,12:48:39,00:57:00,10:03:00,,,9:06:00,248.43,06:34:59,10:03:00,3:28:00,06:34:59,10:03:00,3:28:00,00:00:00,00:00:00,5:33:22,,,,,
2010-04-05,06:33:22,19:24:41,12:51:19,01:47:00,11:01:00,,,9:14:00,260.43,06:33:22,11:01:00,4:27:38,06:33:22,11:01:00,4:27:38,00:00:00,00:00:00,6:22:19,,,,,
2010-04-06,06:31:45,19:25:43,12:53:58,02:28:00,12:01:00,,,9:33:00,271.43,06:31:45,12:01:00,5:29:15,,,0:00:00,00:00:00,00:00:00,7:02:16,,,,,
2010-04-07,06:30:09,19:26:46,12:56:38,03:03:00,13:01:00,,,9:58:00,282.43,06:30:09,13:01:00,6:30:51,,,0:00:00,00:00:00,00:00:00,7:36:13,,,,,
2010-04-08,06:28:33,19:27:49,12:59:16,03:33:00,14:02:00,,,10:29:00,293.43,06:28:33,14:02:00,7:33:27,,,0:00:00,00:00:00,00:00:00,8:05:10,,,,,
2010-04-09,06:26:57,19:28:52,13:01:55,03:59:00,15:01:00,,,11:02:00,304.43,06:26:57,15:01:00,8:34:02,,,0:00:00,00:00:00,00:00:00,8:30:08,,,,,
2010-04-10,06:25:22,19:29:55,13:04:33,04:22:00,16:01:00,,,11:39:00,315.43,06:25:22,16:01:00,9:35:37,,,0:00:00,00:00:00,00:00:00,8:52:05,,,,,
2010-04-11,06:23:48,19:30:57,13:07:10,04:45:00,17:00:00,,,12:15:00,325.43,06:23:48,17:00:00,10:36:12,,,0:00:00,00:00:00,00:00:00,9:14:02,,,,,
2010-04-12,06:22:14,19:32:00,13:09:47,05:07:00,18:01:00,,,12:54:00,336.43,06:22:14,18:01:00,11:38:46,,,0:00:00,00:00:00,00:00:00,9:34:59,,,,,
2010-04-13,06:20:40,19:33:03,13:12:23,05:31:00,19:03:00,,,13:32:00,348.43,06:20:40,19:03:00,12:42:19,,,0:00:00,00:00:00,00:00:00,9:57:56,,,,,
2010-04-14,06:19:08,19:34:06,13:14:58,05:57:00,,,,18:03:00,359.43,06:19:08,19:34:06,13:14:58,,,0:00:00,00:00:00,05:57:00,5:57:00,,,,,
2010-04-15,06:17:36,19:35:09,13:17:33,06:27:00,21:14:00,,,14:47:00,11.43,06:27:00,19:35:09,13:08:09,,,0:00:00,00:00:00,00:00:00,9:03:36,,,,,
2010-04-16,06:16:04,19:36:12,13:20:08,07:03:00,22:20:00,,,15:17:00,23.43,07:03:00,19:36:12,12:33:12,,,0:00:00,00:00:00,00:00:00,7:56:05,,,,,
2010-04-17,06:14:34,19:37:15,13:22:41,07:46:00,23:24:00,,,15:38:00,35.43,07:46:00,19:37:15,11:51:15,,,0:00:00,00:00:00,00:00:00,6:50:34,,,,,
2010-04-18,06:13:04,19:38:18,13:25:14,08:38:00,,,,15:22:00,48.43,08:38:00,19:38:18,11:00:18,,,0:00:00,00:00:00,06:13:04,6:13:04,,,,,
2010-04-19,06:11:35,19:39:21,13:27:46,,00:23:00,09:39:00,,14:44:00,60.43,09:39:00,19:39:21,10:00:21,,,0:00:00,00:23:00,06:11:35,5:48:35,,,,,
2010-04-20,06:10:06,19:40:24,13:30:17,,01:14:00,10:47:00,,14:27:00,73.43,10:47:00,19:40:24,8:53:24,,,0:00:00,01:14:00,06:10:06,4:56:07,,,,,
2010-04-21,06:08:39,19:41:27,13:32:48,,01:57:00,11:59:00,,13:58:00,86.43,11:59:00,19:41:27,7:42:27,,,0:00:00,01:57:00,06:08:39,4:11:39,,,,,
2010-04-22,06:07:12,19:42:30,13:35:17,,02:34:00,13:12:00,,13:22:00,99.43,13:12:00,19:42:30,6:30:30,13:12:00,19:42:30,6:30:30,02:34:00,06:07:12,3:33:13,,,,,
2010-04-23,06:05:47,19:43:33,13:37:46,,03:06:00,14:25:00,,12:41:00,112.43,14:25:00,19:43:33,5:18:33,14:25:00,19:43:33,5:18:33,03:06:00,06:05:47,2:59:47,,,,,
2010-04-24,06:04:22,19:44:35,13:40:14,,03:35:00,15:38:00,,11:57:00,125.43,15:38:00,19:44:35,4:06:36,15:38:00,19:44:35,4:06:36,03:35:00,06:04:22,2:29:22,,,,,
2010-04-25,06:02:58,19:45:38,13:42:40,,04:03:00,16:51:00,,11:12:00,139.43,16:51:00,19:45:38,2:54:39,16:51:00,19:45:38,2:54:39,04:03:00,06:02:58,1:59:59,,,,,
2010-04-26,06:01:35,19:46:41,13:45:06,,04:31:00,18:05:00,,10:26:00,152.43,18:05:00,19:46:41,1:41:42,18:05:00,19:46:41,1:41:42,04:31:00,06:01:35,1:30:36,,,,,
2010-04-27,06:00:14,19:47:44,13:47:30,,05:01:00,19:18:00,,9:43:00,165.43,19:18:00,19:47:44,0:29:44,19:18:00,19:47:44,0:29:44,05:01:00,06:00:14,0:59:14,,,,,
2010-04-28,05:58:53,19:48:47,13:49:54,,05:35:00,,,5:35:00,179.43,,,0:00:00,,,0:00:00,05:35:00,00:00:00,4:35:06,,,,,
2010-04-29,05:57:33,19:49:49,13:52:16,,06:14:00,21:39:00,,8:35:00,192.43,05:57:33,06:14:00,0:16:26,05:57:33,06:14:00,0:16:26,19:49:49,21:39:00,1:49:10,,,,,
2010-04-30,05:56:15,19:50:52,13:54:37,,06:59:00,22:42:00,,8:17:00,204.43,05:56:15,06:59:00,1:02:45,05:56:15,06:59:00,1:02:45,19:50:52,22:42:00,2:51:08,,,,,
2010-05-01,05:54:58,19:51:54,13:56:56,,07:51:00,23:36:00,,8:15:00,217.43,05:54:58,07:51:00,1:56:02,05:54:58,07:51:00,1:56:02,19:51:54,23:36:00,3:44:05,,,,,
2010-05-02,05:53:42,19:52:56,13:59:15,,08:48:00,,,8:48:00,229.43,05:53:42,08:48:00,2:54:18,05:53:42,08:48:00,2:54:18,19:52:56,00:00:00,4:07:03,,,,,
2010-05-03,05:52:27,19:53:58,14:01:32,00:22:00,09:48:00,,,9:26:00,240.43,05:52:27,09:48:00,3:55:33,05:52:27,09:48:00,3:55:33,00:00:00,00:00:00,4:28:01,,,,,
2010-05-04,05:51:13,19:55:00,14:03:47,01:00:00,10:49:00,,,9:49:00,252.43,05:51:13,10:49:00,4:57:46,05:51:13,10:49:00,4:57:46,00:00:00,00:00:00,5:04:59,,,,,
2010-05-05,05:50:01,19:56:02,14:06:01,01:32:00,11:50:00,,,10:18:00,263.43,05:50:01,11:50:00,5:59:59,05:50:01,11:50:00,5:59:59,00:00:00,00:00:00,5:35:58,,,,,
2010-05-06,05:48:50,19:57:03,14:08:14,02:00:00,12:50:00,,,10:50:00,274.43,05:48:50,12:50:00,7:01:10,,,0:00:00,00:00:00,00:00:00,6:02:56,,,,,
2010-05-07,05:47:40,19:58:05,14:10:25,02:24:00,13:50:00,,,11:26:00,284.43,05:47:40,13:50:00,8:02:19,,,0:00:00,00:00:00,00:00:00,6:25:55,,,,,
2010-05-08,05:46:32,19:59:06,14:12:34,02:47:00,14:49:00,,,12:02:00,295.43,05:46:32,14:49:00,9:02:28,,,0:00:00,00:00:00,00:00:00,6:47:54,,,,,
2010-05-09,05:45:25,20:00:06,14:14:41,03:09:00,15:49:00,,,12:40:00,306.43,05:45:25,15:49:00,10:03:34,,,0:00:00,00:00:00,00:00:00,7:08:53,,,,,
2010-05-10,05:44:20,20:01:07,14:16:47,03:33:00,16:50:00,,,13:17:00,317.43,05:44:20,16:50:00,11:05:40,,,0:00:00,00:00:00,00:00:00,7:31:53,,,,,
2010-05-11,05:43:16,20:02:07,14:18:51,03:58:00,17:54:00,,,13:56:00,329.43,05:43:16,17:54:00,12:10:44,,,0:00:00,00:00:00,00:00:00,7:55:53,,,,,
2010-05-12,05:42:13,20:03:06,14:20:53,04:26:00,19:00:00,,,14:34:00,340.43,05:42:13,19:00:00,13:17:46,,,0:00:00,00:00:00,00:00:00,8:22:53,,,,,
2010-05-13,05:41:12,20:04:06,14:22:53,05:00:00,,,,19:00:00,353.43,05:41:12,20:04:06,14:22:53,,,0:00:00,00:00:00,05:00:00,5:00:00,,,,,
2010-05-14,05:40:13,20:05:04,14:24:51,05:42:00,21:13:00,,,15:31:00,5.43,05:42:00,20:05:04,14:23:05,,,0:00:00,00:00:00,00:00:00,8:27:14,,,,,
2010-05-15,05:39:15,20:06:03,14:26:47,06:32:00,22:15:00,,,15:43:00,18.43,06:32:00,20:06:03,13:34:03,,,0:00:00,00:00:00,00:00:00,7:24:16,,,,,
2010-05-16,05:38:19,20:07:00,14:28:41,07:31:00,23:10:00,,,15:39:00,30.43,07:31:00,20:07:00,12:36:01,,,0:00:00,00:00:00,00:00:00,6:28:20,,,,,
2010-05-17,05:37:25,20:07:58,14:30:33,08:38:00,23:56:00,,,15:18:00,43.43,08:38:00,20:07:58,11:29:58,,,0:00:00,00:00:00,00:00:00,5:41:25,,,,,
2010-05-18,05:36:32,20:08:54,14:32:22,09:50:00,,,,14:10:00,56.43,09:50:00,20:08:54,10:18:55,,,0:00:00,00:00:00,05:36:32,5:36:32,,,,,
2010-05-19,05:35:41,20:09:50,14:34:10,,00:35:00,11:03:00,,13:32:00,69.43,11:03:00,20:09:50,9:06:51,,,0:00:00,00:35:00,05:35:41,5:00:41,,,,,
2010-05-20,05:34:51,20:10:46,14:35:54,,01:08:00,12:16:00,,12:52:00,83.43,12:16:00,20:10:46,7:54:46,,,0:00:00,01:08:00,05:34:51,4:26:52,,,,,
2010-05-21,05:34:04,20:11:40,14:37:37,,01:38:00,13:28:00,,12:10:00,96.43,13:28:00,20:11:40,6:43:41,13:28:00,20:11:40,6:43:41,01:38:00,05:34:04,3:56:04,,,,,
2010-05-22,05:33:18,20:12:34,14:39:16,,02:05:00,14:39:00,,11:26:00,109.43,14:39:00,20:12:34,5:33:35,14:39:00,20:12:34,5:33:35,02:05:00,05:33:18,3:28:18,,,,,
2010-05-23,05:32:34,20:13:28,14:40:54,,02:33:00,15:50:00,,10:43:00,122.43,15:50:00,20:13:28,4:23:28,15:50:00,20:13:28,4:23:28,02:33:00,05:32:34,2:59:34,,,,,
2010-05-24,05:31:52,20:14:20,14:42:28,,03:01:00,17:02:00,,9:59:00,135.43,17:02:00,20:14:20,3:12:20,17:02:00,20:14:20,3:12:20,03:01:00,05:31:52,2:30:52,,,,,
2010-05-25,05:31:11,20:15:11,14:44:00,,03:33:00,18:13:00,,9:20:00,148.43,18:13:00,20:15:11,2:02:12,18:13:00,20:15:11,2:02:12,03:33:00,05:31:11,1:58:12,,,,,
2010-05-26,05:30:33,20:16:02,14:45:29,,04:09:00,19:22:00,,8:47:00,161.43,19:22:00,20:16:02,0:54:02,19:22:00,20:16:02,0:54:02,04:09:00,05:30:33,1:21:33,,,,,
2010-05-27,05:29:56,20:16:52,14:46:56,,04:51:00,,,4:51:00,173.43,,,0:00:00,,,0:00:00,04:51:00,00:00:00,4:22:04,,,,,
2010-05-28,05:29:21,20:17:40,14:48:19,,05:40:00,21:25:00,,8:15:00,186.43,05:29:21,05:40:00,0:10:38,05:29:21,05:40:00,0:10:38,20:17:40,21:25:00,1:07:19,,,,,
2010-05-29,05:28:48,20:18:28,14:49:40,,06:35:00,22:15:00,,8:20:00,198.43,05:28:48,06:35:00,1:06:11,05:28:48,06:35:00,1:06:11,20:18:28,22:15:00,1:56:32,,,,,
2010-05-30,05:28:17,20:19:14,14:50:57,,07:34:00,22:56:00,,8:38:00,210.43,05:28:17,07:34:00,2:05:42,05:28:17,07:34:00,2:05:42,20:19:14,22:56:00,2:36:45,,,,,
2010-05-31,05:27:48,20:20:00,14:52:12,,08:36:00,23:31:00,,9:05:00,221.43,05:27:48,08:36:00,3:08:11,05:27:48,08:36:00,3:08:11,20:20:00,23:31:00,3:11:00,,,,,
2010-06-01,05:27:21,20:20:44,14:53:23,,09:38:00,,,9:38:00,233.43,05:27:21,09:38:00,4:10:38,05:27:21,09:38:00,4:10:38,20:20:44,00:00:00,3:39:15,,,,,
2010-06-02,05:26:56,20:21:27,14:54:31,,10:39:00,,,10:39:00,244.43,05:26:56,10:39:00,5:12:04,05:26:56,10:39:00,5:12:04,20:21:27,00:00:00,3:38:32,,,,,
2010-06-03,05:26:33,20:22:09,14:55:36,00:26:00,11:38:00,,,11:12:00,255.43,05:26:33,11:38:00,6:11:27,05:26:33,11:38:00,6:11:27,00:00:00,00:00:00,4:03:50,,,,,
2010-06-04,05:26:12,20:22:50,14:56:38,00:49:00,12:37:00,,,11:48:00,265.43,05:26:12,12:37:00,7:10:48,05:26:12,12:37:00,7:10:48,00:00:00,00:00:00,4:26:10,,,,,
2010-06-05,05:25:52,20:23:29,14:57:37,01:11:00,13:36:00,,,12:25:00,276.43,05:25:52,13:36:00,8:10:07,,,0:00:00,00:00:00,00:00:00,4:47:31,,,,,
2010-06-06,05:25:35,20:24:07,14:58:32,01:34:00,14:36:00,,,13:02:00,287.43,05:25:35,14:36:00,9:10:24,,,0:00:00,00:00:00,00:00:00,5:09:53,,,,,
2010-06-07,05:25:20,20:24:43,14:59:23,01:58:00,15:38:00,,,13:40:00,298.43,05:25:20,15:38:00,10:12:40,,,0:00:00,00:00:00,00:00:00,5:33:16,,,,,
2010-06-08,05:25:07,20:25:18,15:00:12,02:25:00,16:43:00,,,14:18:00,310.43,05:25:07,16:43:00,11:17:53,,,0:00:00,00:00:00,00:00:00,5:59:41,,,,,
2010-06-09,05:24:55,20:25:52,15:00:56,02:56:00,17:49:00,,,14:53:00,322.43,05:24:55,17:49:00,12:24:04,,,0:00:00,00:00:00,00:00:00,6:30:08,,,,,
2010-06-10,05:24:46,20:26:24,15:01:38,03:34:00,18:57:00,,,15:23:00,334.43,05:24:46,18:57:00,13:32:13,,,0:00:00,00:00:00,00:00:00,7:07:36,,,,,
2010-06-11,05:24:39,20:26:54,15:02:15,04:20:00,,,,19:40:00,346.43,05:24:39,20:26:54,15:02:15,,,0:00:00,00:00:00,04:20:00,4:20:00,,,,,
2010-06-12,05:24:34,20:27:23,15:02:50,05:17:00,21:00:00,,,15:43:00,359.43,05:24:34,20:27:23,15:02:50,,,0:00:00,00:00:00,00:00:00,8:17:00,,,,,
2010-06-13,05:24:30,20:27:50,15:03:20,06:23:00,21:51:00,,,15:28:00,13.43,06:23:00,20:27:50,14:04:51,,,0:00:00,00:00:00,00:00:00,7:33:31,,,,,
2010-06-14,05:24:29,20:28:16,15:03:47,07:35:00,22:34:00,,,14:59:00,26.43,07:35:00,20:28:16,12:53:16,,,0:00:00,00:00:00,00:00:00,6:50:29,,,,,
2010-06-15,05:24:29,20:28:40,15:04:10,08:51:00,23:10:00,,,14:19:00,40.43,08:51:00,20:28:40,11:37:40,,,0:00:00,00:00:00,00:00:00,6:14:30,,,,,
2010-06-16,05:24:32,20:29:02,15:04:30,10:06:00,23:41:00,,,13:35:00,53.43,10:06:00,20:29:02,10:23:02,,,0:00:00,00:00:00,00:00:00,5:43:32,,,,,
2010-06-17,05:24:36,20:29:22,15:04:46,11:19:00,,,,12:41:00,67.43,11:19:00,20:29:22,9:10:23,,,0:00:00,00:00:00,05:24:36,5:24:37,,,,,
2010-06-18,05:24:43,20:29:41,15:04:58,,00:09:00,12:31:00,,11:38:00,80.43,12:31:00,20:29:41,7:58:41,,,0:00:00,00:09:00,05:24:43,5:15:43,,,,,
2010-06-19,05:24:51,20:29:57,15:05:06,,00:37:00,13:42:00,,10:55:00,93.43,13:42:00,20:29:57,6:47:58,13:42:00,20:29:57,6:47:58,00:37:00,05:24:51,4:47:52,,,,,
2010-06-20,05:25:01,20:30:12,15:05:11,,01:04:00,14:52:00,,10:12:00,106.43,14:52:00,20:30:12,5:38:13,14:52:00,20:30:12,5:38:13,01:04:00,05:25:01,4:21:02,,,,,
2010-06-21,05:25:13,20:30:25,15:05:12,,01:34:00,16:02:00,,9:32:00,119.43,16:02:00,20:30:25,4:28:26,16:02:00,20:30:25,4:28:26,01:34:00,05:25:13,3:51:14,,,,,
2010-06-22,05:25:27,20:30:36,15:05:09,,02:08:00,17:11:00,,8:57:00,131.43,17:11:00,20:30:36,3:19:37,17:11:00,20:30:36,3:19:37,02:08:00,05:25:27,3:17:27,,,,,
2010-06-23,05:25:43,20:30:45,15:05:03,,02:47:00,18:16:00,,8:31:00,144.43,18:16:00,20:30:45,2:14:46,18:16:00,20:30:45,2:14:46,02:47:00,05:25:43,2:38:43,,,,,
2010-06-24,05:26:00,20:30:52,15:04:53,,03:33:00,19:16:00,,8:17:00,156.43,19:16:00,20:30:52,1:14:53,19:16:00,20:30:52,1:14:53,03:33:00,05:26:00,1:53:00,,,,,
2010-06-25,05:26:19,20:30:58,15:04:39,,04:25:00,,,4:25:00,168.43,,,0:00:00,,,0:00:00,04:25:00,00:00:00,4:30:21,,,,,
2010-06-26,05:26:40,20:31:01,15:04:21,,05:23:00,20:53:00,,8:30:00,180.43,,,0:00:00,,,0:00:00,05:23:00,20:53:00,0:25:39,,,,,
2010-06-27,05:27:02,20:31:02,15:04:00,,06:24:00,21:30:00,,8:54:00,192.43,05:27:02,06:24:00,0:56:57,05:27:02,06:24:00,0:56:57,20:31:02,21:30:00,0:58:57,,,,,
2010-06-28,05:27:27,20:31:02,15:03:35,,07:26:00,22:01:00,,9:25:00,203.43,05:27:27,07:26:00,1:58:33,05:27:27,07:26:00,1:58:33,20:31:02,22:01:00,1:29:58,,,,,
2010-06-29,05:27:52,20:30:59,15:03:07,,08:27:00,22:28:00,,9:59:00,214.43,05:27:52,08:27:00,2:59:07,05:27:52,08:27:00,2:59:07,20:30:59,22:28:00,1:57:01,,,,,
2010-06-30,05:28:20,20:30:54,15:02:34,,09:27:00,22:52:00,,10:35:00,225.43,05:28:20,09:27:00,3:58:40,05:28:20,09:27:00,3:58:40,20:30:54,22:52:00,2:21:05,,,,,
2010-07-01,05:28:49,20:30:47,15:01:59,,10:26:00,23:15:00,,11:11:00,236.43,05:28:49,10:26:00,4:57:11,05:28:49,10:26:00,4:57:11,20:30:47,23:15:00,2:44:12,,,,,
2010-07-02,05:29:19,20:30:39,15:01:20,,11:25:00,23:37:00,,11:48:00,247.43,05:29:19,11:25:00,5:55:40,05:29:19,11:25:00,5:55:40,20:30:39,23:37:00,3:06:21,,,,,
2010-07-03,05:29:51,20:30:28,15:00:37,,12:24:00,,,12:24:00,257.43,05:29:51,12:24:00,6:54:09,05:29:51,12:24:00,6:54:09,20:30:28,00:00:00,3:29:32,,,,,
2010-07-04,05:30:24,20:30:15,14:59:51,,13:24:00,,,13:24:00,268.43,05:30:24,13:24:00,7:53:35,05:30:24,13:24:00,7:53:35,20:30:15,00:00:00,3:29:45,,,,,
2010-07-05,05:30:59,20:30:00,14:59:01,00:25:00,14:26:00,,,14:01:00,280.43,05:30:59,14:26:00,8:55:00,,,0:00:00,00:00:00,00:00:00,3:54:59,,,,,
2010-07-06,05:31:35,20:29:43,14:58:08,00:53:00,15:31:00,,,14:38:00,291.43,05:31:35,15:31:00,9:59:24,,,0:00:00,00:00:00,00:00:00,4:23:16,,,,,
2010-07-07,05:32:13,20:29:24,14:57:12,01:27:00,16:37:00,,,15:10:00,303.43,05:32:13,16:37:00,11:04:47,,,0:00:00,00:00:00,00:00:00,4:57:35,,,,,
2010-07-08,05:32:51,20:29:03,14:56:12,02:09:00,17:43:00,,,15:34:00,315.43,05:32:51,17:43:00,12:10:08,,,0:00:00,00:00:00,00:00:00,5:39:56,,,,,
2010-07-09,05:33:31,20:28:40,14:55:09,03:00:00,18:45:00,,,15:45:00,328.43,05:33:31,18:45:00,13:11:28,,,0:00:00,00:00:00,00:00:00,6:31:19,,,,,
2010-07-10,05:34:12,20:28:15,14:54:03,04:02:00,19:40:00,,,15:38:00,341.43,05:34:12,19:40:00,14:05:47,,,0:00:00,00:00:00,00:00:00,7:33:44,,,,,
2010-07-11,05:34:54,20:27:48,14:52:54,05:13:00,,,,18:47:00,355.43,05:34:54,20:27:48,14:52:54,,,0:00:00,00:00:00,05:13:00,5:13:00,,,,,
2010-07-12,05:35:38,20:27:19,14:51:42,06:29:00,21:07:00,,,14:38:00,8.43,06:29:00,20:27:19,13:58:20,,,0:00:00,00:00:00,00:00:00,8:28:38,,,,,
2010-07-13,05:36:22,20:26:49,14:50:26,07:46:00,21:41:00,,,13:55:00,22.43,07:46:00,20:26:49,12:40:49,,,0:00:00,00:00:00,00:00:00,7:55:23,,,,,
2010-07-14,05:37:08,20:26:16,14:49:08,09:03:00,22:11:00,,,13:08:00,36.43,09:03:00,20:26:16,11:23:16,,,0:00:00,00:00:00,00:00:00,7:26:08,,,,,
2010-07-15,05:37:54,20:25:41,14:47:47,10:18:00,22:40:00,,,12:22:00,50.43,10:18:00,20:25:41,10:07:41,,,0:00:00,00:00:00,00:00:00,6:57:54,,,,,
2010-07-16,05:38:41,20:25:04,14:46:23,11:31:00,23:08:00,,,11:37:00,63.43,11:31:00,20:25:04,8:54:05,,,0:00:00,00:00:00,00:00:00,6:30:42,,,,,
2010-07-17,05:39:30,20:24:25,14:44:56,12:43:00,23:38:00,,,10:55:00,77.43,12:43:00,20:24:25,7:41:26,,,0:00:00,00:00:00,00:00:00,6:01:30,,,,,
2010-07-18,05:40:19,20:23:45,14:43:26,13:54:00,,,,10:06:00,90.43,13:54:00,20:23:45,6:29:45,13:54:00,20:23:45,6:29:45,00:00:00,05:40:19,5:40:19,,,,,
2010-07-19,05:41:08,20:23:02,14:41:54,,00:10:00,15:03:00,,9:07:00,103.43,15:03:00,20:23:02,5:20:03,15:03:00,20:23:02,5:20:03,00:10:00,05:41:08,5:31:09,,,,,
2010-07-20,05:41:59,20:22:18,14:40:19,,00:48:00,16:09:00,,8:39:00,115.43,16:09:00,20:22:18,4:13:19,16:09:00,20:22:18,4:13:19,00:48:00,05:41:59,4:54:00,,,,,
2010-07-21,05:42:50,20:21:32,14:38:42,,01:31:00,17:11:00,,8:20:00,127.43,17:11:00,20:21:32,3:10:33,17:11:00,20:21:32,3:10:33,01:31:00,05:42:50,4:11:51,,,,,
2010-07-22,05:43:43,20:20:44,14:37:02,,02:20:00,18:05:00,,8:15:00,139.43,18:05:00,20:20:44,2:15:45,18:05:00,20:20:44,2:15:45,02:20:00,05:43:43,3:23:43,,,,,
2010-07-23,05:44:35,20:19:54,14:35:19,,03:15:00,18:51:00,,8:24:00,151.43,18:51:00,20:19:54,1:28:55,18:51:00,20:19:54,1:28:55,03:15:00,05:44:35,2:29:36,,,,,
2010-07-24,05:45:28,20:19:03,14:33:35,,04:15:00,19:30:00,,8:45:00,162.43,19:30:00,20:19:03,0:49:04,19:30:00,20:19:03,0:49:04,04:15:00,05:45:28,1:30:29,,,,,
2010-07-25,05:46:22,20:18:10,14:31:48,,05:16:00,,,5:16:00,174.43,,,0:00:00,,,0:00:00,05:16:00,00:00:00,4:12:12,,,,,
2010-07-26,05:47:17,20:17:15,14:29:58,,06:18:00,20:31:00,,9:47:00,185.43,05:47:17,06:18:00,0:30:43,05:47:17,06:18:00,0:30:43,20:17:15,20:31:00,0:13:44,,,,,
2010-07-27,05:48:12,20:16:18,14:28:07,,07:18:00,20:56:00,,10:22:00,196.43,05:48:12,07:18:00,1:29:48,05:48:12,07:18:00,1:29:48,20:16:18,20:56:00,0:39:41,,,,,
2010-07-28,05:49:07,20:15:20,14:26:13,,08:18:00,21:19:00,,10:59:00,207.43,05:49:07,08:18:00,2:28:52,05:49:07,08:18:00,2:28:52,20:15:20,21:19:00,1:03:39,,,,,
2010-07-29,05:50:03,20:14:20,14:24:18,,09:16:00,21:41:00,,11:35:00,218.43,05:50:03,09:16:00,3:25:57,05:50:03,09:16:00,3:25:57,20:14:20,21:41:00,1:26:39,,,,,
2010-07-30,05:50:59,20:13:19,14:22:20,,10:15:00,22:04:00,,12:11:00,228.43,05:50:59,10:15:00,4:24:00,05:50:59,10:15:00,4:24:00,20:13:19,22:04:00,1:50:40,,,,,
2010-07-31,05:51:56,20:12:16,14:20:21,,11:14:00,22:28:00,,12:46:00,239.43,05:51:56,11:14:00,5:22:04,05:51:56,11:14:00,5:22:04,20:12:16,22:28:00,2:15:43,,,,,
2010-08-01,05:52:52,20:11:12,14:18:19,,12:14:00,22:54:00,,13:20:00,250.43,05:52:52,12:14:00,6:21:07,05:52:52,12:14:00,6:21:07,20:11:12,22:54:00,2:42:48,,,,,
2010-08-02,05:53:50,20:10:06,14:16:16,,13:17:00,23:25:00,,13:52:00,261.43,05:53:50,13:17:00,7:23:10,05:53:50,13:17:00,7:23:10,20:10:06,23:25:00,3:14:54,,,,,
2010-08-03,05:54:47,20:08:58,14:14:11,,14:20:00,,,14:20:00,273.43,05:54:47,14:20:00,8:25:12,,,0:00:00,20:08:58,00:00:00,3:51:01,,,,,
2010-08-04,05:55:45,20:07:49,14:12:04,00:02:00,15:25:00,,,15:23:00,285.43,05:55:45,15:25:00,9:29:15,,,0:00:00,00:00:00,00:00:00,3:54:10,,,,,
2010-08-05,05:56:43,20:06:39,14:09:56,00:47:00,16:27:00,,,15:40:00,297.43,05:56:43,16:27:00,10:30:17,,,0:00:00,00:00:00,00:00:00,4:40:20,,,,,
2010-08-06,05:57:41,20:05:27,14:07:46,01:43:00,17:25:00,,,15:42:00,309.43,05:57:41,17:25:00,11:27:18,,,0:00:00,00:00:00,00:00:00,5:37:32,,,,,
2010-08-07,05:58:39,20:04:14,14:05:35,02:48:00,18:16:00,,,15:28:00,322.43,05:58:39,18:16:00,12:17:20,,,0:00:00,00:00:00,00:00:00,6:43:45,,,,,
2010-08-08,05:59:38,20:03:00,14:03:22,04:01:00,18:59:00,,,14:58:00,336.43,05:59:38,18:59:00,12:59:22,,,0:00:00,00:00:00,00:00:00,7:58:00,,,,,
2010-08-09,06:00:37,20:01:44,14:01:08,05:19:00,19:36:00,,,14:17:00,350.43,06:00:37,19:36:00,13:35:23,,,0:00:00,00:00:00,00:00:00,9:17:15,,,,,
2010-08-10,06:01:35,20:00:27,13:58:52,06:37:00,,,,17:23:00,4.43,06:37:00,20:00:27,13:23:28,,,0:00:00,00:00:00,06:01:35,6:01:36,,,,,
2010-08-11,06:02:34,19:59:09,13:56:35,07:55:00,20:39:00,,,12:44:00,18.43,07:55:00,19:59:09,12:04:10,,,0:00:00,00:00:00,00:00:00,9:23:35,,,,,
2010-08-12,06:03:33,19:57:50,13:54:17,09:11:00,21:09:00,,,11:58:00,32.43,09:11:00,19:57:50,10:46:51,,,0:00:00,00:00:00,00:00:00,8:54:34,,,,,
2010-08-13,06:04:32,19:56:30,13:51:58,10:27:00,21:39:00,,,11:12:00,46.43,10:27:00,19:56:30,9:29:30,,,0:00:00,00:00:00,00:00:00,8:25:33,,,,,
2010-08-14,06:05:31,19:55:08,13:49:37,11:40:00,22:11:00,,,10:31:00,60.43,11:40:00,19:55:08,8:15:09,,,0:00:00,00:00:00,00:00:00,7:54:32,,,,,
2010-08-15,06:06:30,19:53:45,13:47:15,12:52:00,22:48:00,,,9:56:00,73.43,12:52:00,19:53:45,7:01:46,,,0:00:00,00:00:00,00:00:00,7:18:31,,,,,
2010-08-16,06:07:29,19:52:22,13:44:52,14:01:00,23:30:00,,,9:29:00,86.43,14:01:00,19:52:22,5:51:22,,,0:00:00,00:00:00,00:00:00,6:37:30,,,,,
2010-08-17,06:08:28,19:50:57,13:42:29,15:04:00,,,,8:56:00,98.43,15:04:00,19:50:57,4:46:58,15:04:00,19:50:57,4:46:58,00:00:00,06:08:28,6:08:29,,,,,
2010-08-18,06:09:28,19:49:31,13:40:04,,00:17:00,16:01:00,,8:16:00,111.43,16:01:00,19:49:31,3:48:32,16:01:00,19:49:31,3:48:32,00:17:00,06:09:28,5:52:28,,,,,
2010-08-19,06:10:27,19:48:05,13:37:38,,01:11:00,16:50:00,,8:21:00,122.43,16:50:00,19:48:05,2:58:05,16:50:00,19:48:05,2:58:05,01:11:00,06:10:27,4:59:27,,,,,
2010-08-20,06:11:26,19:46:37,13:35:11,,02:09:00,17:31:00,,8:38:00,134.43,17:31:00,19:46:37,2:15:37,17:31:00,19:46:37,2:15:37,02:09:00,06:11:26,4:02:26,,,,,
2010-08-21,06:12:25,19:45:08,13:32:43,,03:09:00,18:05:00,,9:04:00,145.43,18:05:00,19:45:08,1:40:09,18:05:00,19:45:08,1:40:09,03:09:00,06:12:25,3:03:25,,,,,
2010-08-22,06:13:24,19:43:39,13:30:15,,04:10:00,18:35:00,,9:35:00,156.43,18:35:00,19:43:39,1:08:40,18:35:00,19:43:39,1:08:40,04:10:00,06:13:24,2:03:24,,,,,
2010-08-23,06:14:23,19:42:09,13:27:46,,05:11:00,19:01:00,,10:10:00,167.43,19:01:00,19:42:09,0:41:09,19:01:00,19:42:09,0:41:09,05:11:00,06:14:23,1:03:24,,,,,
2010-08-24,06:15:22,19:40:38,13:25:16,,06:10:00,19:25:00,,10:45:00,178.43,19:25:00,19:40:38,0:15:38,19:25:00,19:40:38,0:15:38,06:10:00,06:15:22,0:05:22,,,,,
2010-08-25,06:16:21,19:39:06,13:22:45,,07:09:00,19:47:00,,11:22:00,189.43,06:16:21,07:09:00,0:52:39,06:16:21,07:09:00,0:52:39,19:39:06,19:47:00,0:07:54,,,,,
2010-08-26,06:17:20,19:37:33,13:20:13,,08:08:00,,,8:08:00,200.43,06:17:20,08:08:00,1:50:40,06:17:20,08:08:00,1:50:40,19:37:33,00:00:00,4:22:26,,,,,
2010-08-27,06:18:19,19:36:00,13:17:41,,09:06:00,20:33:00,,12:33:00,210.43,06:18:19,09:06:00,2:47:41,06:18:19,09:06:00,2:47:41,19:36:00,20:33:00,0:56:59,,,,,
2010-08-28,06:19:17,19:34:26,13:15:09,,10:06:00,20:58:00,,13:08:00,221.43,06:19:17,10:06:00,3:46:42,06:19:17,10:06:00,3:46:42,19:34:26,20:58:00,1:23:33,,,,,
2010-08-29,06:20:16,19:32:51,13:12:35,,11:07:00,21:27:00,,13:40:00,232.43,06:20:16,11:07:00,4:46:43,06:20:16,11:07:00,4:46:43,19:32:51,21:27:00,1:54:08,,,,,
2010-08-30,06:21:15,19:31:16,13:10:01,,12:10:00,22:01:00,,14:09:00,244.43,06:21:15,12:10:00,5:48:45,06:21:15,12:10:00,5:48:45,19:31:16,22:01:00,2:29:43,,,,,
2010-08-31,06:22:14,19:29:40,13:07:27,,13:13:00,22:42:00,,14:31:00,255.43,06:22:14,13:13:00,6:50:46,06:22:14,13:13:00,6:50:46,19:29:40,22:42:00,3:12:19,,,,,
2010-09-01,06:23:12,19:28:04,13:04:52,,14:14:00,23:32:00,,14:42:00,267.43,06:23:12,14:14:00,7:50:47,06:23:12,14:14:00,7:50:47,19:28:04,23:32:00,4:03:56,,,,,
2010-09-02,06:24:11,19:26:27,13:02:16,,15:12:00,,,15:12:00,279.43,06:24:11,15:12:00,8:47:49,,,0:00:00,19:26:27,00:00:00,4:33:32,,,,,
2010-09-03,06:25:09,19:24:50,12:59:40,00:30:00,16:04:00,,,15:34:00,291.43,06:25:09,16:04:00,9:38:50,,,0:00:00,00:00:00,00:00:00,5:05:10,,,,,
2010-09-04,06:26:08,19:23:12,12:57:04,01:38:00,16:50:00,,,15:12:00,304.43,06:26:08,16:50:00,10:23:52,,,0:00:00,00:00:00,00:00:00,6:14:48,,,,,
2010-09-05,06:27:06,19:21:33,12:54:27,02:51:00,17:29:00,,,14:38:00,318.43,06:27:06,17:29:00,11:01:53,,,0:00:00,00:00:00,00:00:00,7:29:26,,,,,
2010-09-06,06:28:05,19:19:55,12:51:50,04:08:00,18:04:00,,,13:56:00,331.43,06:28:05,18:04:00,11:35:55,,,0:00:00,00:00:00,00:00:00,8:48:05,,,,,
2010-09-07,06:29:03,19:18:15,12:49:12,05:26:00,18:36:00,,,13:10:00,345.43,06:29:03,18:36:00,12:06:56,,,0:00:00,00:00:00,00:00:00,10:07:44,,,,,
2010-09-08,06:30:02,19:16:36,12:46:34,06:44:00,19:06:00,,,12:22:00,359.43,06:44:00,19:06:00,12:22:00,,,0:00:00,00:00:00,00:00:00,11:13:26,,,,,
2010-09-09,06:31:00,19:14:56,12:43:56,08:01:00,19:36:00,,,11:35:00,13.43,08:01:00,19:14:56,11:13:57,,,0:00:00,00:00:00,00:00:00,10:55:01,,,,,
2010-09-10,06:31:59,19:13:16,12:41:17,09:17:00,,,,14:43:00,27.43,09:17:00,19:13:16,9:56:16,,,0:00:00,00:00:00,06:31:59,6:31:59,,,,,
2010-09-11,06:32:57,19:11:36,12:38:38,10:33:00,20:45:00,,,10:12:00,41.43,10:33:00,19:11:36,8:38:36,,,0:00:00,00:00:00,00:00:00,9:47:58,,,,,
2010-09-12,06:33:56,19:09:55,12:35:59,11:45:00,21:26:00,,,9:41:00,55.43,11:45:00,19:09:55,7:24:55,,,0:00:00,00:00:00,00:00:00,9:07:56,,,,,
2010-09-13,06:34:54,19:08:14,12:33:20,12:53:00,22:13:00,,,9:20:00,68.43,12:53:00,19:08:14,6:15:15,,,0:00:00,00:00:00,00:00:00,8:21:55,,,,,
2010-09-14,06:35:53,19:06:33,12:30:40,13:54:00,23:06:00,,,9:12:00,81.43,13:54:00,19:06:33,5:12:34,,,0:00:00,00:00:00,00:00:00,7:29:53,,,,,
2010-09-15,06:36:51,19:04:52,12:28:01,14:46:00,,,,9:14:00,93.43,14:46:00,19:04:52,4:18:52,14:46:00,19:04:52,4:18:52,00:00:00,06:36:51,6:36:52,,,,,
2010-09-16,06:37:50,19:03:11,12:25:21,,00:03:00,15:30:00,,8:33:00,105.43,15:30:00,19:03:11,3:33:11,15:30:00,19:03:11,3:33:11,00:03:00,06:37:50,6:34:50,,,,,
2010-09-17,06:38:49,19:01:29,12:22:41,,01:03:00,16:07:00,,8:56:00,116.43,16:07:00,19:01:29,2:54:30,16:07:00,19:01:29,2:54:30,01:03:00,06:38:49,5:35:49,,,,,
2010-09-18,06:39:47,18:59:48,12:20:00,,02:04:00,16:38:00,,9:26:00,127.43,16:38:00,18:59:48,2:21:48,16:38:00,18:59:48,2:21:48,02:04:00,06:39:47,4:35:48,,,,,
2010-09-19,06:40:46,18:58:06,12:17:20,,03:04:00,17:05:00,,9:59:00,138.43,17:05:00,18:58:06,1:53:07,17:05:00,18:58:06,1:53:07,03:04:00,06:40:46,3:36:47,,,,,
2010-09-20,06:41:45,18:56:25,12:14:40,,04:04:00,17:29:00,,10:35:00,149.43,17:29:00,18:56:25,1:27:25,17:29:00,18:56:25,1:27:25,04:04:00,06:41:45,2:37:46,,,,,
2010-09-21,06:42:44,18:54:43,12:11:59,,05:03:00,17:52:00,,11:11:00,160.43,17:52:00,18:54:43,1:02:44,17:52:00,18:54:43,1:02:44,05:03:00,06:42:44,1:39:45,,,,,
2010-09-22,06:43:43,18:53:02,12:09:18,,06:01:00,18:15:00,,11:46:00,170.43,18:15:00,18:53:02,0:38:02,18:15:00,18:53:02,0:38:02,06:01:00,06:43:43,0:42:44,,,,,
2010-09-23,06:44:43,18:51:20,12:06:38,,07:00:00,18:38:00,,12:22:00,181.43,06:44:43,18:51:20,0:28:38,06:44:43,18:51:20,0:28:38,,,0:00:00,,,,,
2010-09-24,06:45:42,18:49:39,12:03:57,,08:00:00,19:03:00,,12:57:00,192.43,06:45:42,08:00:00,1:14:17,06:45:42,08:00:00,1:14:17,18:49:39,19:03:00,0:13:20,,,,,
2010-09-25,06:46:42,18:47:58,12:01:16,,09:00:00,19:31:00,,13:29:00,203.43,06:46:42,09:00:00,2:13:18,06:46:42,09:00:00,2:13:18,18:47:58,19:31:00,0:43:01,,,,,
2010-09-26,06:47:42,18:46:17,11:58:36,,10:02:00,,,10:02:00,214.43,06:47:42,10:02:00,3:14:18,06:47:42,10:02:00,3:14:18,18:46:17,00:00:00,5:13:42,,,,,
2010-09-27,06:48:42,18:44:37,11:55:55,,11:05:00,20:42:00,,14:23:00,226.43,06:48:42,11:05:00,4:16:18,06:48:42,11:05:00,4:16:18,18:44:37,20:42:00,1:57:23,,,,,
2010-09-28,06:49:42,18:42:56,11:53:14,,12:06:00,21:28:00,,14:38:00,237.43,06:49:42,12:06:00,5:16:18,06:49:42,12:06:00,5:16:18,18:42:56,21:28:00,2:45:03,,,,,
2010-09-29,06:50:42,18:41:16,11:50:34,,13:04:00,22:22:00,,14:42:00,249.43,06:50:42,13:04:00,6:13:17,06:50:42,13:04:00,6:13:17,18:41:16,22:22:00,3:40:44,,,,,
2010-09-30,06:51:43,18:39:36,11:47:53,,13:57:00,23:25:00,,14:32:00,261.43,06:51:43,13:57:00,7:05:17,06:51:43,13:57:00,7:05:17,18:39:36,23:25:00,4:45:24,,,,,
2010-10-01,06:52:43,18:37:56,11:45:13,,14:44:00,,,14:44:00,274.43,06:52:43,14:44:00,7:51:16,,,0:00:00,18:37:56,00:00:00,5:22:03,,,,,
2010-10-02,06:53:44,18:36:17,11:42:33,00:33:00,15:24:00,,,14:51:00,286.43,06:53:44,15:24:00,8:30:15,,,0:00:00,00:00:00,00:00:00,5:56:43,,,,,
2010-10-03,06:54:46,18:34:38,11:39:53,01:46:00,15:59:00,,,14:13:00,299.43,06:54:46,15:59:00,9:04:14,,,0:00:00,00:00:00,00:00:00,7:11:21,,,,,
2010-10-04,06:55:47,18:33:00,11:37:13,03:01:00,16:31:00,,,13:30:00,313.43,06:55:47,16:31:00,9:35:13,,,0:00:00,00:00:00,00:00:00,8:28:00,,,,,
2010-10-05,06:56:49,18:31:22,11:34:33,04:16:00,17:02:00,,,12:46:00,327.43,06:56:49,17:02:00,10:05:11,,,0:00:00,00:00:00,00:00:00,9:44:38,,,,,
2010-10-06,06:57:51,18:29:44,11:31:53,05:32:00,17:32:00,,,12:00:00,340.43,06:57:51,17:32:00,10:34:09,,,0:00:00,00:00:00,00:00:00,11:02:16,,,,,
2010-10-07,06:58:53,18:28:07,11:29:14,06:49:00,18:03:00,,,11:14:00,354.43,06:58:53,18:03:00,11:04:07,,,0:00:00,00:00:00,00:00:00,12:20:53,,,,,
2010-10-08,06:59:55,18:26:30,11:26:35,08:05:00,18:38:00,,,10:33:00,8.43,08:05:00,18:26:30,10:21:31,,,0:00:00,00:00:00,00:00:00,12:21:56,,,,,
2010-10-09,07:00:58,18:24:55,11:23:56,09:21:00,19:18:00,,,9:57:00,22.43,09:21:00,18:24:55,9:03:55,,,0:00:00,00:00:00,00:00:00,11:42:59,,,,,
2010-10-10,07:02:01,18:23:19,11:21:18,10:33:00,,,,13:27:00,36.43,10:33:00,18:23:19,7:50:20,,,0:00:00,00:00:00,07:02:01,7:02:02,,,,,
2010-10-11,07:03:05,18:21:45,11:18:40,11:39:00,20:56:00,,,9:17:00,49.43,11:39:00,18:21:45,6:42:45,,,0:00:00,00:00:00,00:00:00,10:07:05,,,,,
2010-10-12,07:04:08,18:20:11,11:16:02,12:37:00,21:53:00,,,9:16:00,61.43,12:37:00,18:20:11,5:43:11,,,0:00:00,00:00:00,00:00:00,9:11:09,,,,,
2010-10-13,07:05:12,18:18:37,11:13:25,13:25:00,22:53:00,,,9:28:00,74.43,13:25:00,18:18:37,4:53:38,,,0:00:00,00:00:00,00:00:00,8:12:13,,,,,
2010-10-14,07:06:17,18:17:05,11:10:48,14:05:00,23:55:00,,,9:50:00,86.43,14:05:00,18:17:05,4:12:05,,,0:00:00,00:00:00,00:00:00,7:11:17,,,,,
2010-10-15,07:07:22,18:15:33,11:08:11,14:39:00,,,,9:21:00,97.43,14:39:00,18:15:33,3:36:33,14:39:00,18:15:33,3:36:33,00:00:00,07:07:22,7:07:22,,,,,
2010-10-16,07:08:27,18:14:02,11:05:35,,00:56:00,15:07:00,,9:49:00,108.43,15:07:00,18:14:02,3:07:02,15:07:00,18:14:02,3:07:02,00:56:00,07:08:27,6:12:27,,,,,
2010-10-17,07:09:32,18:12:32,11:03:00,,01:56:00,15:33:00,,10:23:00,119.43,15:33:00,18:12:32,2:39:32,15:33:00,18:12:32,2:39:32,01:56:00,07:09:32,5:13:32,,,,,
2010-10-18,07:10:38,18:11:03,11:00:25,,02:55:00,15:56:00,,10:59:00,130.43,15:56:00,18:11:03,2:15:03,15:56:00,18:11:03,2:15:03,02:55:00,07:10:38,4:15:38,,,,,
2010-10-19,07:11:44,18:09:34,10:57:51,,03:53:00,16:19:00,,11:34:00,141.43,16:19:00,18:09:34,1:50:35,16:19:00,18:09:34,1:50:35,03:53:00,07:11:44,3:18:44,,,,,
2010-10-20,07:12:50,18:08:07,10:55:17,,04:52:00,16:42:00,,12:10:00,151.43,16:42:00,18:08:07,1:26:07,16:42:00,18:08:07,1:26:07,04:52:00,07:12:50,2:20:50,,,,,
2010-10-21,07:13:57,18:06:41,10:52:44,,05:51:00,17:07:00,,12:44:00,162.43,17:07:00,18:06:41,0:59:41,17:07:00,18:06:41,0:59:41,05:51:00,07:13:57,1:22:57,,,,,
2010-10-22,07:15:04,18:05:15,10:50:12,,06:52:00,17:34:00,,13:18:00,173.43,17:34:00,18:05:15,0:31:16,17:34:00,18:05:15,0:31:16,06:52:00,07:15:04,0:23:04,,,,,
2010-10-23,07:16:11,18:03:51,10:47:40,,07:54:00,18:05:00,,13:49:00,185.43,07:16:11,07:54:00,0:37:49,07:16:11,07:54:00,0:37:49,18:03:51,18:05:00,0:01:09,,,,,
2010-10-24,07:17:19,18:02:28,10:45:09,,08:57:00,18:43:00,,14:14:00,196.43,07:17:19,08:57:00,1:39:41,07:17:19,08:57:00,1:39:41,18:02:28,18:43:00,0:40:32,,,,,
2010-10-25,07:18:27,18:01:06,10:42:39,,10:00:00,19:27:00,,14:33:00,208.43,07:18:27,10:00:00,2:41:33,07:18:27,10:00:00,2:41:33,18:01:06,19:27:00,1:25:54,,,,,
2010-10-26,07:19:35,17:59:45,10:40:10,,10:59:00,,,10:59:00,220.43,07:19:35,10:59:00,3:39:25,07:19:35,10:59:00,3:39:25,17:59:45,00:00:00,6:00:15,,,,,
2010-10-27,07:20:43,17:58:25,10:37:42,,11:53:00,21:19:00,,14:34:00,232.43,07:20:43,11:53:00,4:32:16,07:20:43,11:53:00,4:32:16,17:58:25,21:19:00,3:20:35,,,,,
2010-10-28,07:21:52,17:57:06,10:35:14,,12:41:00,22:24:00,,14:17:00,244.43,07:21:52,12:41:00,5:19:07,07:21:52,12:41:00,5:19:07,17:57:06,22:24:00,4:26:53,,,,,
2010-10-29,07:23:01,17:55:49,10:32:48,,13:23:00,23:34:00,,13:49:00,256.43,07:23:01,13:23:00,5:59:58,07:23:01,13:23:00,5:59:58,17:55:49,23:34:00,5:38:10,,,,,
2010-10-30,07:24:11,17:54:33,10:30:23,,13:59:00,,,13:59:00,269.43,07:24:11,13:59:00,6:34:49,07:24:11,13:59:00,6:34:49,17:54:33,00:00:00,6:05:26,,,,,
2010-10-31,07:25:20,17:53:19,10:27:58,00:46:00,14:31:00,,,13:45:00,282.43,07:25:20,14:31:00,7:05:39,,,0:00:00,00:00:00,00:00:00,6:52:41,,,,,
2010-11-01,07:26:30,17:52:06,10:25:35,01:58:00,15:00:00,,,13:02:00,295.43,07:26:30,15:00:00,7:33:29,,,0:00:00,00:00:00,00:00:00,8:05:54,,,,,
2010-11-02,07:27:40,17:50:54,10:23:13,03:11:00,15:29:00,,,12:18:00,308.43,07:27:40,15:29:00,8:01:19,,,0:00:00,00:00:00,00:00:00,9:20:06,,,,,
2010-11-03,07:28:51,17:49:44,10:20:53,04:25:00,15:59:00,,,11:34:00,322.43,07:28:51,15:59:00,8:30:09,,,0:00:00,00:00:00,00:00:00,10:35:16,,,,,
2010-11-04,07:30:01,17:48:35,10:18:34,05:39:00,16:32:00,,,10:53:00,335.43,07:30:01,16:32:00,9:01:58,,,0:00:00,00:00:00,00:00:00,11:50:25,,,,,
2010-11-05,07:31:12,17:47:28,10:16:16,06:55:00,17:09:00,,,10:14:00,349.43,07:31:12,17:09:00,9:37:48,,,0:00:00,00:00:00,00:00:00,13:07:32,,,,,
2010-11-06,07:32:23,17:46:22,10:13:59,08:09:00,17:52:00,,,9:43:00,2.43,08:09:00,17:46:22,9:37:22,,,0:00:00,00:00:00,00:00:00,13:40:23,,,,,
2010-11-07,06:33:34,16:45:18,10:11:44,08:18:00,17:42:00,,,9:24:00,16.43,08:18:00,16:45:18,8:27:18,,,0:00:00,00:00:00,00:00:00,12:51:34,,,,,
2010-11-08,06:34:45,16:44:15,10:09:31,09:21:00,18:38:00,,,9:17:00,29.43,09:21:00,16:44:15,7:23:16,,,0:00:00,00:00:00,00:00:00,11:56:45,,,,,
2010-11-09,06:35:56,16:43:14,10:07:19,10:15:00,,,,13:45:00,41.43,10:15:00,16:43:14,6:28:15,,,0:00:00,00:00:00,06:35:56,6:35:56,,,,,
2010-11-10,06:37:07,16:42:15,10:05:09,10:59:00,20:41:00,,,9:42:00,54.43,10:59:00,16:42:15,5:43:16,,,0:00:00,00:00:00,00:00:00,9:56:07,,,,,
2010-11-11,06:38:18,16:41:18,10:03:00,11:36:00,21:44:00,,,10:08:00,66.43,11:36:00,16:41:18,5:05:18,,,0:00:00,00:00:00,00:00:00,8:54:18,,,,,
2010-11-12,06:39:29,16:40:22,10:00:54,12:07:00,22:45:00,,,10:38:00,77.43,12:07:00,16:40:22,4:33:23,,,0:00:00,00:00:00,00:00:00,7:54:29,,,,,
2010-11-13,06:40:40,16:39:29,9:58:49,12:34:00,23:45:00,,,11:11:00,88.43,12:34:00,16:39:29,4:05:29,,,0:00:00,00:00:00,00:00:00,6:55:40,,,,,
2010-11-14,06:41:50,16:38:37,9:56:46,12:58:00,,,,11:02:00,99.43,12:58:00,16:38:37,3:40:37,12:58:00,16:38:37,3:40:37,00:00:00,06:41:50,6:41:51,,,,,
2010-11-15,06:43:01,16:37:46,9:54:45,,00:43:00,13:22:00,,11:21:00,110.43,13:22:00,16:37:46,3:15:47,13:22:00,16:37:46,3:15:47,00:43:00,06:43:01,6:00:02,,,,,
2010-11-16,06:44:12,16:36:58,9:52:47,,01:42:00,13:45:00,,11:57:00,121.43,13:45:00,16:36:58,2:51:59,13:45:00,16:36:58,2:51:59,01:42:00,06:44:12,5:02:12,,,,,
2010-11-17,06:45:22,16:36:12,9:50:50,,02:40:00,14:08:00,,12:32:00,131.43,14:08:00,16:36:12,2:28:13,14:08:00,16:36:12,2:28:13,02:40:00,06:45:22,4:05:22,,,,,
2010-11-18,06:46:32,16:35:28,9:48:56,,03:40:00,14:35:00,,13:05:00,142.43,14:35:00,16:35:28,2:00:28,14:35:00,16:35:28,2:00:28,03:40:00,06:46:32,3:06:32,,,,,
2010-11-19,06:47:42,16:34:45,9:47:04,,04:42:00,15:05:00,,13:37:00,153.43,15:05:00,16:34:45,1:29:46,15:05:00,16:34:45,1:29:46,04:42:00,06:47:42,2:05:42,,,,,
2010-11-20,06:48:51,16:34:05,9:45:14,,05:45:00,15:40:00,,14:05:00,165.43,15:40:00,16:34:05,0:54:06,15:40:00,16:34:05,0:54:06,05:45:00,06:48:51,1:03:51,,,,,
2010-11-21,06:50:00,16:33:27,9:43:27,,06:49:00,16:22:00,,14:27:00,177.43,16:22:00,16:33:27,0:11:27,16:22:00,16:33:27,0:11:27,06:49:00,06:50:00,0:01:00,,,,,
2010-11-22,06:51:08,16:32:51,9:41:43,,07:51:00,17:13:00,,14:38:00,189.43,06:51:08,07:51:00,0:59:51,06:51:08,07:51:00,0:59:51,16:32:51,17:13:00,0:40:09,,,,,
2010-11-23,06:52:16,16:32:17,9:40:01,,08:48:00,18:12:00,,14:36:00,201.43,06:52:16,08:48:00,1:55:44,06:52:16,08:48:00,1:55:44,16:32:17,18:12:00,1:39:43,,,,,
2010-11-24,06:53:23,16:31:45,9:38:22,,09:39:00,,,9:39:00,213.43,06:53:23,09:39:00,2:45:36,06:53:23,09:39:00,2:45:36,16:31:45,00:00:00,7:28:15,,,,,
2010-11-25,06:54:30,16:31:15,9:36:45,,10:22:00,20:26:00,,13:56:00,226.43,06:54:30,10:22:00,3:27:29,06:54:30,10:22:00,3:27:29,16:31:15,20:26:00,3:54:44,,,,,
2010-11-26,06:55:36,16:30:47,9:35:11,,11:00:00,21:37:00,,13:23:00,239.43,06:55:36,11:00:00,4:04:23,06:55:36,11:00:00,4:04:23,16:30:47,21:37:00,5:06:12,,,,,
2010-11-27,06:56:41,16:30:22,9:33:41,,11:33:00,22:49:00,,12:44:00,252.43,06:56:41,11:33:00,4:36:18,06:56:41,11:33:00,4:36:18,16:30:22,22:49:00,6:18:37,,,,,
2010-11-28,06:57:46,16:29:59,9:32:13,,12:03:00,,,12:03:00,264.43,06:57:46,12:03:00,5:05:14,06:57:46,12:03:00,5:05:14,16:29:59,00:00:00,7:30:01,,,,,
2010-11-29,06:58:50,16:29:38,9:30:48,,12:31:00,,,12:31:00,278.43,06:58:50,12:31:00,5:32:10,,,0:00:00,16:29:38,00:00:00,7:30:22,,,,,
2010-11-30,06:59:53,16:29:19,9:29:27,01:11:00,13:00:00,,,11:49:00,291.43,06:59:53,13:00:00,6:00:07,,,0:00:00,00:00:00,00:00:00,8:41:40,,,,,
2010-12-01,07:00:54,16:29:03,9:28:08,02:23:00,13:30:00,,,11:07:00,304.43,07:00:54,13:30:00,6:29:05,,,0:00:00,00:00:00,00:00:00,9:53:57,,,,,
2010-12-02,07:01:55,16:28:48,9:26:53,03:35:00,14:04:00,,,10:29:00,317.43,07:01:55,14:04:00,7:02:04,,,0:00:00,00:00:00,00:00:00,11:06:11,,,,,
2010-12-03,07:02:55,16:28:36,9:25:41,04:48:00,14:43:00,,,9:55:00,330.43,07:02:55,14:43:00,7:40:04,,,0:00:00,00:00:00,00:00:00,12:19:23,,,,,
2010-12-04,07:03:54,16:28:27,9:24:33,05:58:00,15:29:00,,,9:31:00,343.43,07:03:54,15:29:00,8:25:06,,,0:00:00,00:00:00,00:00:00,13:29:33,,,,,
2010-12-05,07:04:51,16:28:19,9:23:28,07:04:00,16:22:00,,,9:18:00,356.43,07:04:51,16:22:00,9:17:08,,,0:00:00,00:00:00,00:00:00,14:35:40,,,,,
2010-12-06,07:05:48,16:28:14,9:22:27,08:02:00,17:21:00,,,9:19:00,9.43,08:02:00,16:28:14,8:26:15,,,0:00:00,00:00:00,00:00:00,13:44:48,,,,,
2010-12-07,07:06:43,16:28:12,9:21:29,08:51:00,18:24:00,,,9:33:00,21.43,08:51:00,16:28:12,7:37:12,,,0:00:00,00:00:00,00:00:00,12:42:43,,,,,
2010-12-08,07:07:36,16:28:11,9:20:35,09:32:00,,,,14:28:00,33.43,09:32:00,16:28:11,6:56:12,,,0:00:00,00:00:00,07:07:36,7:07:37,,,,,
2010-12-09,07:08:29,16:28:13,9:19:44,10:06:00,20:31:00,,,10:25:00,45.43,10:06:00,16:28:13,6:22:13,,,0:00:00,00:00:00,00:00:00,10:37:29,,,,,
2010-12-10,07:09:20,16:28:17,9:18:58,10:35:00,21:32:00,,,10:57:00,57.43,10:35:00,16:28:17,5:53:18,,,0:00:00,00:00:00,00:00:00,9:37:20,,,,,
2010-12-11,07:10:09,16:28:24,9:18:15,11:00:00,22:31:00,,,11:31:00,68.43,11:00:00,16:28:24,5:28:24,,,0:00:00,00:00:00,00:00:00,8:39:09,,,,,
2010-12-12,07:10:57,16:28:32,9:17:36,11:24:00,23:30:00,,,12:06:00,79.43,11:24:00,16:28:32,5:04:33,,,0:00:00,00:00:00,00:00:00,7:40:57,,,,,
2010-12-13,07:11:43,16:28:43,9:17:00,11:47:00,,,,12:13:00,89.43,11:47:00,16:28:43,4:41:44,,,0:00:00,00:00:00,07:11:43,7:11:43,,,,,
2010-12-14,07:12:27,16:28:57,9:16:29,,00:28:00,12:10:00,,12:18:00,100.43,12:10:00,16:28:57,4:18:57,12:10:00,16:28:57,4:18:57,00:28:00,07:12:27,6:44:28,,,,,
2010-12-15,07:13:10,16:29:12,9:16:02,,01:27:00,12:35:00,,12:52:00,111.43,12:35:00,16:29:12,3:54:13,12:35:00,16:29:12,3:54:13,01:27:00,07:13:10,5:46:11,,,,,
2010-12-16,07:13:51,16:29:30,9:15:38,,02:27:00,13:03:00,,13:24:00,122.43,13:03:00,16:29:30,3:26:30,13:03:00,16:29:30,3:26:30,02:27:00,07:13:51,4:46:52,,,,,
2010-12-17,07:14:31,16:29:50,9:15:19,,03:29:00,13:36:00,,13:53:00,133.43,13:36:00,16:29:50,2:53:50,13:36:00,16:29:50,2:53:50,03:29:00,07:14:31,3:45:31,,,,,
2010-12-18,07:15:08,16:30:12,9:15:04,,04:33:00,14:15:00,,14:18:00,144.43,14:15:00,16:30:12,2:15:12,14:15:00,16:30:12,2:15:12,04:33:00,07:15:08,2:42:09,,,,,
2010-12-19,07:15:44,16:30:36,9:14:52,,05:36:00,15:02:00,,14:34:00,156.43,15:02:00,16:30:36,1:28:37,15:02:00,16:30:36,1:28:37,05:36:00,07:15:44,1:39:44,,,,,
2010-12-20,07:16:17,16:31:03,9:14:45,,06:36:00,15:58:00,,14:38:00,169.43,15:58:00,16:31:03,0:33:03,15:58:00,16:31:03,0:33:03,06:36:00,07:16:17,0:40:18,,,,,
2010-12-21,07:16:49,16:31:31,9:14:42,,07:31:00,17:02:00,,14:29:00,181.43,07:16:49,07:31:00,0:14:10,07:16:49,07:31:00,0:14:10,16:31:31,17:02:00,0:30:28,,,,,
2010-12-22,07:17:19,16:32:02,9:14:43,,08:19:00,18:12:00,,14:07:00,194.43,07:17:19,08:19:00,1:01:41,07:17:19,08:19:00,1:01:41,16:32:02,18:12:00,1:39:58,,,,,
2010-12-23,07:17:46,16:32:34,9:14:48,,08:59:00,,,8:59:00,207.43,07:17:46,08:59:00,1:41:13,07:17:46,08:59:00,1:41:13,16:32:34,00:00:00,7:27:25,,,,,
2010-12-24,07:18:12,16:33:09,9:14:57,,09:35:00,20:39:00,,12:56:00,220.43,07:18:12,09:35:00,2:16:47,07:18:12,09:35:00,2:16:47,16:33:09,20:39:00,4:05:50,,,,,
2010-12-25,07:18:36,16:33:46,9:15:10,,10:06:00,21:51:00,,12:15:00,233.43,07:18:36,10:06:00,2:47:24,07:18:36,10:06:00,2:47:24,16:33:46,21:51:00,5:17:14,,,,,
2010-12-26,07:18:57,16:34:24,9:15:27,,10:35:00,23:02:00,,11:33:00,247.43,07:18:57,10:35:00,3:16:02,07:18:57,10:35:00,3:16:02,16:34:24,23:02:00,6:27:35,,,,,
2010-12-27,07:19:16,16:35:05,9:15:49,,11:04:00,,,11:04:00,260.43,07:19:16,11:04:00,3:44:43,07:19:16,11:04:00,3:44:43,16:35:05,00:00:00,7:24:55,,,,,
2010-12-28,07:19:33,16:35:47,9:16:14,00:14:00,11:33:00,,,11:19:00,273.43,07:19:33,11:33:00,4:13:26,,,0:00:00,00:00:00,00:00:00,7:38:12,,,,,
2010-12-29,07:19:48,16:36:31,9:16:43,01:25:00,12:05:00,,,10:40:00,286.43,07:19:48,12:05:00,4:45:11,,,0:00:00,00:00:00,00:00:00,8:48:28,,,,,
2010-12-30,07:20:01,16:37:17,9:17:16,02:36:00,12:41:00,,,10:05:00,299.43,07:20:01,12:41:00,5:20:58,,,0:00:00,00:00:00,00:00:00,9:58:42,,,,,
2010-12-31,07:20:12,16:38:05,9:17:53,03:46:00,13:24:00,,,9:38:00,312.43,07:20:12,13:24:00,6:03:48,,,0:00:00,00:00:00,00:00:00,11:07:55,,,,,
Year Total,,,4452:22:44,,,,,4342:20:00,,,,2185:34:31,,,557:28:14,,,2150:51:47,186,181,91,23,90
